date,channel,spend
2024-01-01,paid_search,242.74
2024-01-01,social_media,164.12
2024-01-01,email,29.69
2024-01-01,referral,17.95
2024-01-02,paid_search,201.25
2024-01-02,social_media,145.14
2024-01-02,email,29.02
2024-01-02,referral,16.77
2024-01-03,paid_search,155.11
2024-01-03,social_media,175.97
2024-01-03,email,31.54
2024-01-03,referral,14.5
2024-01-04,paid_search,183.24
2024-01-04,social_media,128.14
2024-01-04,email,21.72
2024-01-04,referral,18.79
2024-01-05,paid_search,201.23
2024-01-05,social_media,135.72
2024-01-05,email,26.7
2024-01-05,referral,13.23
2024-01-06,paid_search,248.75
2024-01-06,social_media,151.3
2024-01-06,email,24.91
2024-01-06,referral,13.77
2024-01-07,paid_search,191.06
2024-01-07,social_media,223.69
2024-01-07,email,28.1
2024-01-07,referral,12.38
2024-01-08,paid_search,179.88
2024-01-08,social_media,214.68
2024-01-08,email,23.44
2024-01-08,referral,18.33
2024-01-09,paid_search,229.12
2024-01-09,social_media,179.35
2024-01-09,email,25.78
2024-01-09,referral,16.44
2024-01-10,paid_search,228.67
2024-01-10,social_media,199.7
2024-01-10,email,25.98
2024-01-10,referral,11.09
2024-01-11,paid_search,170.93
2024-01-11,social_media,133.03
2024-01-11,email,21.39
2024-01-11,referral,15.63
2024-01-12,paid_search,184.09
2024-01-12,social_media,182.49
2024-01-12,email,29.23
2024-01-12,referral,12.23
2024-01-13,paid_search,243.49
2024-01-13,social_media,233.13
2024-01-13,email,27.89
2024-01-13,referral,15.3
2024-01-14,paid_search,187.39
2024-01-14,social_media,186.49
2024-01-14,email,24.31
2024-01-14,referral,18.94
2024-01-15,paid_search,238.61
2024-01-15,social_media,227.85
2024-01-15,email,18.28
2024-01-15,referral,18.95
2024-01-16,paid_search,211.1
2024-01-16,social_media,233.47
2024-01-16,email,21.61
2024-01-16,referral,16.62
2024-01-17,paid_search,215.59
2024-01-17,social_media,165.04
2024-01-17,email,28.89
2024-01-17,referral,18.45
2024-01-18,paid_search,183.64
2024-01-18,social_media,156.02
2024-01-18,email,23.8
2024-01-18,referral,14.54
2024-01-19,paid_search,154.68
2024-01-19,social_media,147.02
2024-01-19,email,18.73
2024-01-19,referral,15.65
2024-01-20,paid_search,157.35
2024-01-20,social_media,205.64
2024-01-20,email,32.17
2024-01-20,referral,14.31
2024-01-21,paid_search,163.83
2024-01-21,social_media,153.0
2024-01-21,email,19.97
2024-01-21,referral,13.3
2024-01-22,paid_search,236.63
2024-01-22,social_media,136.45
2024-01-22,email,24.7
2024-01-22,referral,17.77
2024-01-23,paid_search,232.21
2024-01-23,social_media,193.64
2024-01-23,email,22.51
2024-01-23,referral,12.75
2024-01-24,paid_search,168.23
2024-01-24,social_media,151.74
2024-01-24,email,22.61
2024-01-24,referral,10.99
2024-01-25,paid_search,198.03
2024-01-25,social_media,211.76
2024-01-25,email,31.65
2024-01-25,referral,17.48
2024-01-26,paid_search,235.78
2024-01-26,social_media,208.52
2024-01-26,email,26.88
2024-01-26,referral,15.71
2024-01-27,paid_search,165.29
2024-01-27,social_media,132.55
2024-01-27,email,18.0
2024-01-27,referral,13.32
2024-01-28,paid_search,265.9
2024-01-28,social_media,133.02
2024-01-28,email,19.41
2024-01-28,referral,18.77
2024-01-29,paid_search,212.33
2024-01-29,social_media,158.56
2024-01-29,email,26.89
2024-01-29,referral,11.09
2024-01-30,paid_search,243.44
2024-01-30,social_media,186.4
2024-01-30,email,21.92
2024-01-30,referral,13.93
2024-01-31,paid_search,166.65
2024-01-31,social_media,207.21
2024-01-31,email,21.0
2024-01-31,referral,15.9
2024-02-01,paid_search,241.08
2024-02-01,social_media,127.15
2024-02-01,email,23.26
2024-02-01,referral,17.66
2024-02-02,paid_search,270.15
2024-02-02,social_media,192.88
2024-02-02,email,22.59
2024-02-02,referral,18.94
2024-02-03,paid_search,257.35
2024-02-03,social_media,175.04
2024-02-03,email,22.42
2024-02-03,referral,12.23
2024-02-04,paid_search,167.56
2024-02-04,social_media,190.28
2024-02-04,email,18.51
2024-02-04,referral,17.6
2024-02-05,paid_search,179.56
2024-02-05,social_media,187.91
2024-02-05,email,27.06
2024-02-05,referral,12.81
2024-02-06,paid_search,209.57
2024-02-06,social_media,204.26
2024-02-06,email,24.17
2024-02-06,referral,12.69
2024-02-07,paid_search,259.21
2024-02-07,social_media,132.53
2024-02-07,email,22.18
2024-02-07,referral,14.42
2024-02-08,paid_search,280.69
2024-02-08,social_media,207.47
2024-02-08,email,22.17
2024-02-08,referral,18.47
2024-02-09,paid_search,256.37
2024-02-09,social_media,141.92
2024-02-09,email,22.13
2024-02-09,referral,13.59
2024-02-10,paid_search,202.69
2024-02-10,social_media,126.87
2024-02-10,email,26.3
2024-02-10,referral,16.6
2024-02-11,paid_search,161.57
2024-02-11,social_media,180.77
2024-02-11,email,30.03
2024-02-11,referral,18.23
2024-02-12,paid_search,209.71
2024-02-12,social_media,147.1
2024-02-12,email,20.51
2024-02-12,referral,18.68
2024-02-13,paid_search,257.65
2024-02-13,social_media,162.89
2024-02-13,email,27.52
2024-02-13,referral,16.75
2024-02-14,paid_search,283.61
2024-02-14,social_media,190.77
2024-02-14,email,22.47
2024-02-14,referral,15.71
2024-02-15,paid_search,281.12
2024-02-15,social_media,192.54
2024-02-15,email,23.78
2024-02-15,referral,11.96
2024-02-16,paid_search,213.97
2024-02-16,social_media,211.23
2024-02-16,email,18.13
2024-02-16,referral,12.47
2024-02-17,paid_search,154.49
2024-02-17,social_media,150.09
2024-02-17,email,20.95
2024-02-17,referral,16.12
2024-02-18,paid_search,185.55
2024-02-18,social_media,205.34
2024-02-18,email,31.79
2024-02-18,referral,13.48
2024-02-19,paid_search,251.69
2024-02-19,social_media,148.17
2024-02-19,email,20.26
2024-02-19,referral,19.41
2024-02-20,paid_search,201.89
2024-02-20,social_media,133.96
2024-02-20,email,17.95
2024-02-20,referral,11.54
2024-02-21,paid_search,192.36
2024-02-21,social_media,147.0
2024-02-21,email,26.29
2024-02-21,referral,17.39
2024-02-22,paid_search,159.8
2024-02-22,social_media,129.21
2024-02-22,email,20.47
2024-02-22,referral,12.07
2024-02-23,paid_search,270.87
2024-02-23,social_media,203.63
2024-02-23,email,22.6
2024-02-23,referral,15.49
2024-02-24,paid_search,177.57
2024-02-24,social_media,128.32
2024-02-24,email,30.14
2024-02-24,referral,18.7
2024-02-25,paid_search,156.77
2024-02-25,social_media,199.16
2024-02-25,email,23.18
2024-02-25,referral,17.59
2024-02-26,paid_search,168.65
2024-02-26,social_media,227.1
2024-02-26,email,22.08
2024-02-26,referral,12.66
2024-02-27,paid_search,260.85
2024-02-27,social_media,197.38
2024-02-27,email,31.62
2024-02-27,referral,19.29
2024-02-28,paid_search,285.7
2024-02-28,social_media,221.22
2024-02-28,email,30.68
2024-02-28,referral,11.09
2024-02-29,paid_search,173.07
2024-02-29,social_media,225.81
2024-02-29,email,29.42
2024-02-29,referral,12.23
2024-03-01,paid_search,203.92
2024-03-01,social_media,166.42
2024-03-01,email,26.49
2024-03-01,referral,19.29
2024-03-02,paid_search,186.28
2024-03-02,social_media,130.99
2024-03-02,email,26.74
2024-03-02,referral,12.2
2024-03-03,paid_search,224.68
2024-03-03,social_media,211.28
2024-03-03,email,22.42
2024-03-03,referral,10.98
2024-03-04,paid_search,259.02
2024-03-04,social_media,220.27
2024-03-04,email,30.27
2024-03-04,referral,19.22
2024-03-05,paid_search,270.93
2024-03-05,social_media,148.6
2024-03-05,email,18.72
2024-03-05,referral,14.74
2024-03-06,paid_search,241.58
2024-03-06,social_media,133.01
2024-03-06,email,25.13
2024-03-06,referral,17.26
2024-03-07,paid_search,239.15
2024-03-07,social_media,180.99
2024-03-07,email,24.98
2024-03-07,referral,14.68
2024-03-08,paid_search,196.48
2024-03-08,social_media,166.38
2024-03-08,email,27.92
2024-03-08,referral,16.94
2024-03-09,paid_search,219.31
2024-03-09,social_media,154.98
2024-03-09,email,23.51
2024-03-09,referral,18.79
2024-03-10,paid_search,231.09
2024-03-10,social_media,129.95
2024-03-10,email,20.79
2024-03-10,referral,12.33
2024-03-11,paid_search,267.94
2024-03-11,social_media,168.76
2024-03-11,email,22.09
2024-03-11,referral,18.5
2024-03-12,paid_search,229.42
2024-03-12,social_media,227.03
2024-03-12,email,23.11
2024-03-12,referral,15.45
2024-03-13,paid_search,171.73
2024-03-13,social_media,135.08
2024-03-13,email,24.17
2024-03-13,referral,13.66
2024-03-14,paid_search,231.08
2024-03-14,social_media,176.25
2024-03-14,email,26.82
2024-03-14,referral,14.33
2024-03-15,paid_search,215.72
2024-03-15,social_media,170.17
2024-03-15,email,29.57
2024-03-15,referral,13.35
2024-03-16,paid_search,204.47
2024-03-16,social_media,145.39
2024-03-16,email,21.01
2024-03-16,referral,16.31
2024-03-17,paid_search,201.4
2024-03-17,social_media,134.9
2024-03-17,email,30.14
2024-03-17,referral,15.12
2024-03-18,paid_search,238.96
2024-03-18,social_media,210.87
2024-03-18,email,31.4
2024-03-18,referral,11.39
2024-03-19,paid_search,163.42
2024-03-19,social_media,130.13
2024-03-19,email,20.5
2024-03-19,referral,12.27
2024-03-20,paid_search,197.46
2024-03-20,social_media,158.69
2024-03-20,email,29.73
2024-03-20,referral,16.65
2024-03-21,paid_search,190.23
2024-03-21,social_media,202.21
2024-03-21,email,32.47
2024-03-21,referral,19.49
2024-03-22,paid_search,253.31
2024-03-22,social_media,205.9
2024-03-22,email,31.19
2024-03-22,referral,10.58
2024-03-23,paid_search,193.53
2024-03-23,social_media,214.81
2024-03-23,email,29.25
2024-03-23,referral,14.13
2024-03-24,paid_search,207.56
2024-03-24,social_media,188.64
2024-03-24,email,27.33
2024-03-24,referral,14.75
2024-03-25,paid_search,221.67
2024-03-25,social_media,208.21
2024-03-25,email,19.74
2024-03-25,referral,14.08
2024-03-26,paid_search,183.95
2024-03-26,social_media,206.91
2024-03-26,email,24.62
2024-03-26,referral,15.14
2024-03-27,paid_search,257.75
2024-03-27,social_media,207.82
2024-03-27,email,28.34
2024-03-27,referral,14.65
2024-03-28,paid_search,258.53
2024-03-28,social_media,159.81
2024-03-28,email,20.32
2024-03-28,referral,17.43
2024-03-29,paid_search,246.13
2024-03-29,social_media,148.64
2024-03-29,email,24.25
2024-03-29,referral,15.53
2024-03-30,paid_search,203.46
2024-03-30,social_media,188.37
2024-03-30,email,19.43
2024-03-30,referral,18.99
2024-03-31,paid_search,155.28
2024-03-31,social_media,213.52
2024-03-31,email,30.01
2024-03-31,referral,13.56
2024-04-01,paid_search,209.33
2024-04-01,social_media,200.06
2024-04-01,email,23.55
2024-04-01,referral,17.51
2024-04-02,paid_search,224.96
2024-04-02,social_media,161.22
2024-04-02,email,17.85
2024-04-02,referral,17.57
2024-04-03,paid_search,275.72
2024-04-03,social_media,142.6
2024-04-03,email,31.79
2024-04-03,referral,13.47
2024-04-04,paid_search,237.14
2024-04-04,social_media,191.12
2024-04-04,email,26.62
2024-04-04,referral,18.3
2024-04-05,paid_search,283.38
2024-04-05,social_media,148.05
2024-04-05,email,23.36
2024-04-05,referral,15.31
2024-04-06,paid_search,178.86
2024-04-06,social_media,137.73
2024-04-06,email,26.04
2024-04-06,referral,14.56
2024-04-07,paid_search,272.11
2024-04-07,social_media,136.07
2024-04-07,email,19.06
2024-04-07,referral,15.48
2024-04-08,paid_search,158.23
2024-04-08,social_media,200.41
2024-04-08,email,24.83
2024-04-08,referral,12.18
2024-04-09,paid_search,163.17
2024-04-09,social_media,230.0
2024-04-09,email,21.76
2024-04-09,referral,12.6
2024-04-10,paid_search,241.06
2024-04-10,social_media,133.56
2024-04-10,email,18.36
2024-04-10,referral,15.17
2024-04-11,paid_search,176.68
2024-04-11,social_media,218.85
2024-04-11,email,23.66
2024-04-11,referral,11.91
2024-04-12,paid_search,168.62
2024-04-12,social_media,183.94
2024-04-12,email,24.67
2024-04-12,referral,11.12
2024-04-13,paid_search,280.07
2024-04-13,social_media,219.5
2024-04-13,email,19.45
2024-04-13,referral,12.35
2024-04-14,paid_search,211.05
2024-04-14,social_media,202.64
2024-04-14,email,24.62
2024-04-14,referral,15.93
2024-04-15,paid_search,277.97
2024-04-15,social_media,189.45
2024-04-15,email,25.04
2024-04-15,referral,16.66
2024-04-16,paid_search,190.36
2024-04-16,social_media,126.8
2024-04-16,email,19.64
2024-04-16,referral,11.08
2024-04-17,paid_search,206.7
2024-04-17,social_media,213.22
2024-04-17,email,25.39
2024-04-17,referral,18.69
2024-04-18,paid_search,270.06
2024-04-18,social_media,175.7
2024-04-18,email,26.14
2024-04-18,referral,17.14
2024-04-19,paid_search,192.0
2024-04-19,social_media,221.15
2024-04-19,email,24.34
2024-04-19,referral,16.8
2024-04-20,paid_search,247.94
2024-04-20,social_media,158.12
2024-04-20,email,26.7
2024-04-20,referral,17.79
2024-04-21,paid_search,177.12
2024-04-21,social_media,152.91
2024-04-21,email,31.0
2024-04-21,referral,17.1
2024-04-22,paid_search,214.43
2024-04-22,social_media,224.37
2024-04-22,email,20.25
2024-04-22,referral,15.62
2024-04-23,paid_search,205.95
2024-04-23,social_media,228.13
2024-04-23,email,21.1
2024-04-23,referral,18.33
2024-04-24,paid_search,190.14
2024-04-24,social_media,193.83
2024-04-24,email,21.88
2024-04-24,referral,18.75
2024-04-25,paid_search,246.14
2024-04-25,social_media,204.02
2024-04-25,email,20.76
2024-04-25,referral,14.94
2024-04-26,paid_search,285.0
2024-04-26,social_media,185.7
2024-04-26,email,32.43
2024-04-26,referral,11.19
2024-04-27,paid_search,167.89
2024-04-27,social_media,208.79
2024-04-27,email,22.39
2024-04-27,referral,14.56
2024-04-28,paid_search,187.37
2024-04-28,social_media,180.65
2024-04-28,email,24.43
2024-04-28,referral,11.16
2024-04-29,paid_search,245.67
2024-04-29,social_media,206.97
2024-04-29,email,23.22
2024-04-29,referral,17.21
2024-04-30,paid_search,266.96
2024-04-30,social_media,168.84
2024-04-30,email,17.66
2024-04-30,referral,11.53
2024-05-01,paid_search,275.06
2024-05-01,social_media,161.33
2024-05-01,email,28.73
2024-05-01,referral,14.86
2024-05-02,paid_search,163.01
2024-05-02,social_media,185.23
2024-05-02,email,21.13
2024-05-02,referral,19.05
2024-05-03,paid_search,172.51
2024-05-03,social_media,214.61
2024-05-03,email,30.12
2024-05-03,referral,12.04
2024-05-04,paid_search,156.38
2024-05-04,social_media,136.86
2024-05-04,email,21.91
2024-05-04,referral,15.31
2024-05-05,paid_search,205.59
2024-05-05,social_media,134.38
2024-05-05,email,28.95
2024-05-05,referral,16.6
2024-05-06,paid_search,174.26
2024-05-06,social_media,164.67
2024-05-06,email,20.75
2024-05-06,referral,10.81
2024-05-07,paid_search,243.11
2024-05-07,social_media,149.35
2024-05-07,email,27.95
2024-05-07,referral,18.03
2024-05-08,paid_search,261.12
2024-05-08,social_media,195.23
2024-05-08,email,28.25
2024-05-08,referral,18.57
2024-05-09,paid_search,205.56
2024-05-09,social_media,159.3
2024-05-09,email,18.29
2024-05-09,referral,10.54
2024-05-10,paid_search,255.96
2024-05-10,social_media,208.85
2024-05-10,email,31.43
2024-05-10,referral,13.87
2024-05-11,paid_search,185.49
2024-05-11,social_media,135.87
2024-05-11,email,23.83
2024-05-11,referral,19.4
2024-05-12,paid_search,198.5
2024-05-12,social_media,146.75
2024-05-12,email,27.53
2024-05-12,referral,12.49
2024-05-13,paid_search,270.46
2024-05-13,social_media,212.07
2024-05-13,email,29.96
2024-05-13,referral,12.01
2024-05-14,paid_search,176.05
2024-05-14,social_media,170.89
2024-05-14,email,19.12
2024-05-14,referral,13.44
2024-05-15,paid_search,228.19
2024-05-15,social_media,146.47
2024-05-15,email,20.61
2024-05-15,referral,15.38
2024-05-16,paid_search,277.94
2024-05-16,social_media,139.05
2024-05-16,email,20.71
2024-05-16,referral,13.71
2024-05-17,paid_search,176.92
2024-05-17,social_media,169.43
2024-05-17,email,22.24
2024-05-17,referral,14.0
2024-05-18,paid_search,214.56
2024-05-18,social_media,133.13
2024-05-18,email,29.73
2024-05-18,referral,16.35
2024-05-19,paid_search,202.71
2024-05-19,social_media,133.27
2024-05-19,email,20.78
2024-05-19,referral,13.21
2024-05-20,paid_search,233.05
2024-05-20,social_media,232.18
2024-05-20,email,19.03
2024-05-20,referral,15.33
2024-05-21,paid_search,284.75
2024-05-21,social_media,217.85
2024-05-21,email,20.07
2024-05-21,referral,19.13
2024-05-22,paid_search,233.18
2024-05-22,social_media,231.99
2024-05-22,email,27.94
2024-05-22,referral,16.6
2024-05-23,paid_search,282.35
2024-05-23,social_media,200.92
2024-05-23,email,22.48
2024-05-23,referral,16.22
2024-05-24,paid_search,270.68
2024-05-24,social_media,160.34
2024-05-24,email,30.27
2024-05-24,referral,14.84
2024-05-25,paid_search,198.23
2024-05-25,social_media,191.72
2024-05-25,email,26.28
2024-05-25,referral,13.94
2024-05-26,paid_search,238.56
2024-05-26,social_media,151.1
2024-05-26,email,26.31
2024-05-26,referral,19.4
2024-05-27,paid_search,184.7
2024-05-27,social_media,192.57
2024-05-27,email,30.95
2024-05-27,referral,13.28
2024-05-28,paid_search,251.4
2024-05-28,social_media,207.78
2024-05-28,email,26.8
2024-05-28,referral,11.04
2024-05-29,paid_search,203.44
2024-05-29,social_media,158.03
2024-05-29,email,19.78
2024-05-29,referral,12.34
2024-05-30,paid_search,159.0
2024-05-30,social_media,225.73
2024-05-30,email,26.47
2024-05-30,referral,19.01
2024-05-31,paid_search,251.58
2024-05-31,social_media,161.5
2024-05-31,email,21.67
2024-05-31,referral,16.29
2024-06-01,paid_search,254.39
2024-06-01,social_media,182.25
2024-06-01,email,32.16
2024-06-01,referral,16.33
2024-06-02,paid_search,192.08
2024-06-02,social_media,128.56
2024-06-02,email,30.2
2024-06-02,referral,13.48
2024-06-03,paid_search,185.98
2024-06-03,social_media,184.25
2024-06-03,email,31.1
2024-06-03,referral,16.49
2024-06-04,paid_search,186.78
2024-06-04,social_media,200.23
2024-06-04,email,28.29
2024-06-04,referral,15.97
2024-06-05,paid_search,204.36
2024-06-05,social_media,160.74
2024-06-05,email,24.14
2024-06-05,referral,10.55
2024-06-06,paid_search,268.82
2024-06-06,social_media,133.56
2024-06-06,email,20.39
2024-06-06,referral,16.21
2024-06-07,paid_search,172.68
2024-06-07,social_media,148.06
2024-06-07,email,18.88
2024-06-07,referral,15.83
2024-06-08,paid_search,263.72
2024-06-08,social_media,226.64
2024-06-08,email,21.04
2024-06-08,referral,11.2
2024-06-09,paid_search,249.7
2024-06-09,social_media,159.64
2024-06-09,email,28.33
2024-06-09,referral,12.7
2024-06-10,paid_search,177.29
2024-06-10,social_media,152.89
2024-06-10,email,21.78
2024-06-10,referral,14.53
2024-06-11,paid_search,237.9
2024-06-11,social_media,155.36
2024-06-11,email,29.22
2024-06-11,referral,11.22
2024-06-12,paid_search,282.38
2024-06-12,social_media,169.01
2024-06-12,email,20.02
2024-06-12,referral,14.47
2024-06-13,paid_search,220.7
2024-06-13,social_media,205.37
2024-06-13,email,28.9
2024-06-13,referral,17.88
2024-06-14,paid_search,258.75
2024-06-14,social_media,128.14
2024-06-14,email,23.22
2024-06-14,referral,18.19
2024-06-15,paid_search,254.17
2024-06-15,social_media,225.53
2024-06-15,email,26.43
2024-06-15,referral,11.88
2024-06-16,paid_search,249.92
2024-06-16,social_media,153.79
2024-06-16,email,24.45
2024-06-16,referral,14.58
2024-06-17,paid_search,203.52
2024-06-17,social_media,191.45
2024-06-17,email,18.58
2024-06-17,referral,11.73
2024-06-18,paid_search,215.94
2024-06-18,social_media,142.71
2024-06-18,email,20.34
2024-06-18,referral,10.62
2024-06-19,paid_search,220.09
2024-06-19,social_media,204.34
2024-06-19,email,24.87
2024-06-19,referral,18.83
2024-06-20,paid_search,278.12
2024-06-20,social_media,230.81
2024-06-20,email,23.1
2024-06-20,referral,14.91
2024-06-21,paid_search,238.62
2024-06-21,social_media,189.54
2024-06-21,email,23.63
2024-06-21,referral,10.85
2024-06-22,paid_search,275.65
2024-06-22,social_media,167.56
2024-06-22,email,25.98
2024-06-22,referral,12.25
2024-06-23,paid_search,211.59
2024-06-23,social_media,153.57
2024-06-23,email,31.2
2024-06-23,referral,17.0
2024-06-24,paid_search,221.27
2024-06-24,social_media,178.77
2024-06-24,email,27.83
2024-06-24,referral,16.77
2024-06-25,paid_search,239.92
2024-06-25,social_media,226.06
2024-06-25,email,28.53
2024-06-25,referral,12.68
2024-06-26,paid_search,158.55
2024-06-26,social_media,213.82
2024-06-26,email,26.96
2024-06-26,referral,16.59
2024-06-27,paid_search,246.07
2024-06-27,social_media,195.7
2024-06-27,email,21.42
2024-06-27,referral,14.6
2024-06-28,paid_search,243.9
2024-06-28,social_media,153.46
2024-06-28,email,26.53
2024-06-28,referral,19.07
2024-06-29,paid_search,265.08
2024-06-29,social_media,127.33
2024-06-29,email,29.06
2024-06-29,referral,16.3
2024-06-30,paid_search,275.03
2024-06-30,social_media,168.95
2024-06-30,email,26.29
2024-06-30,referral,18.61
2024-07-01,paid_search,222.45
2024-07-01,social_media,146.39
2024-07-01,email,23.84
2024-07-01,referral,17.97
2024-07-02,paid_search,187.38
2024-07-02,social_media,158.64
2024-07-02,email,32.02
2024-07-02,referral,16.43
2024-07-03,paid_search,204.53
2024-07-03,social_media,159.26
2024-07-03,email,23.67
2024-07-03,referral,18.39
2024-07-04,paid_search,250.05
2024-07-04,social_media,135.6
2024-07-04,email,27.04
2024-07-04,referral,17.49
2024-07-05,paid_search,199.46
2024-07-05,social_media,141.41
2024-07-05,email,28.73
2024-07-05,referral,18.87
2024-07-06,paid_search,206.53
2024-07-06,social_media,159.27
2024-07-06,email,32.31
2024-07-06,referral,17.85
2024-07-07,paid_search,154.21
2024-07-07,social_media,133.54
2024-07-07,email,27.94
2024-07-07,referral,15.22
2024-07-08,paid_search,240.4
2024-07-08,social_media,205.17
2024-07-08,email,20.06
2024-07-08,referral,13.87
2024-07-09,paid_search,246.93
2024-07-09,social_media,147.39
2024-07-09,email,20.23
2024-07-09,referral,19.04
2024-07-10,paid_search,213.49
2024-07-10,social_media,213.95
2024-07-10,email,20.28
2024-07-10,referral,11.03
2024-07-11,paid_search,178.12
2024-07-11,social_media,207.99
2024-07-11,email,21.39
2024-07-11,referral,18.62
2024-07-12,paid_search,207.96
2024-07-12,social_media,193.7
2024-07-12,email,26.87
2024-07-12,referral,18.32
2024-07-13,paid_search,175.93
2024-07-13,social_media,157.66
2024-07-13,email,23.17
2024-07-13,referral,12.99
2024-07-14,paid_search,199.16
2024-07-14,social_media,189.25
2024-07-14,email,24.67
2024-07-14,referral,16.56
2024-07-15,paid_search,167.31
2024-07-15,social_media,132.59
2024-07-15,email,28.78
2024-07-15,referral,10.57
2024-07-16,paid_search,230.88
2024-07-16,social_media,232.66
2024-07-16,email,18.95
2024-07-16,referral,15.2
2024-07-17,paid_search,154.96
2024-07-17,social_media,191.12
2024-07-17,email,32.3
2024-07-17,referral,17.35
2024-07-18,paid_search,277.04
2024-07-18,social_media,177.11
2024-07-18,email,22.56
2024-07-18,referral,14.37
2024-07-19,paid_search,202.94
2024-07-19,social_media,222.14
2024-07-19,email,32.49
2024-07-19,referral,17.85
2024-07-20,paid_search,278.21
2024-07-20,social_media,197.83
2024-07-20,email,23.18
2024-07-20,referral,11.02
2024-07-21,paid_search,201.0
2024-07-21,social_media,161.67
2024-07-21,email,19.0
2024-07-21,referral,14.61
2024-07-22,paid_search,246.18
2024-07-22,social_media,204.32
2024-07-22,email,30.82
2024-07-22,referral,11.75
2024-07-23,paid_search,233.45
2024-07-23,social_media,219.85
2024-07-23,email,21.69
2024-07-23,referral,16.79
2024-07-24,paid_search,261.59
2024-07-24,social_media,165.79
2024-07-24,email,26.78
2024-07-24,referral,16.43
2024-07-25,paid_search,216.73
2024-07-25,social_media,170.62
2024-07-25,email,20.32
2024-07-25,referral,19.38
2024-07-26,paid_search,280.4
2024-07-26,social_media,213.76
2024-07-26,email,17.75
2024-07-26,referral,13.74
2024-07-27,paid_search,160.04
2024-07-27,social_media,213.22
2024-07-27,email,22.38
2024-07-27,referral,14.5
2024-07-28,paid_search,234.09
2024-07-28,social_media,169.22
2024-07-28,email,26.69
2024-07-28,referral,11.23
2024-07-29,paid_search,210.48
2024-07-29,social_media,226.6
2024-07-29,email,31.46
2024-07-29,referral,19.38
2024-07-30,paid_search,267.14
2024-07-30,social_media,223.76
2024-07-30,email,28.51
2024-07-30,referral,13.14
2024-07-31,paid_search,179.75
2024-07-31,social_media,141.46
2024-07-31,email,25.3
2024-07-31,referral,15.65
2024-08-01,paid_search,267.1
2024-08-01,social_media,180.5
2024-08-01,email,19.42
2024-08-01,referral,17.67
2024-08-02,paid_search,193.78
2024-08-02,social_media,198.69
2024-08-02,email,25.73
2024-08-02,referral,18.37
2024-08-03,paid_search,176.18
2024-08-03,social_media,174.2
2024-08-03,email,19.24
2024-08-03,referral,16.46
2024-08-04,paid_search,185.8
2024-08-04,social_media,148.86
2024-08-04,email,28.8
2024-08-04,referral,16.44
2024-08-05,paid_search,165.8
2024-08-05,social_media,172.97
2024-08-05,email,28.24
2024-08-05,referral,11.94
2024-08-06,paid_search,276.62
2024-08-06,social_media,223.49
2024-08-06,email,28.99
2024-08-06,referral,12.48
2024-08-07,paid_search,188.01
2024-08-07,social_media,177.44
2024-08-07,email,30.96
2024-08-07,referral,11.61
2024-08-08,paid_search,171.92
2024-08-08,social_media,183.73
2024-08-08,email,28.38
2024-08-08,referral,11.31
2024-08-09,paid_search,245.32
2024-08-09,social_media,220.17
2024-08-09,email,31.48
2024-08-09,referral,17.4
2024-08-10,paid_search,233.29
2024-08-10,social_media,195.55
2024-08-10,email,23.16
2024-08-10,referral,16.96
2024-08-11,paid_search,251.15
2024-08-11,social_media,167.22
2024-08-11,email,27.13
2024-08-11,referral,15.56
2024-08-12,paid_search,267.01
2024-08-12,social_media,213.31
2024-08-12,email,20.85
2024-08-12,referral,11.54
2024-08-13,paid_search,165.57
2024-08-13,social_media,135.63
2024-08-13,email,28.61
2024-08-13,referral,18.93
2024-08-14,paid_search,252.29
2024-08-14,social_media,138.54
2024-08-14,email,23.02
2024-08-14,referral,18.18
2024-08-15,paid_search,279.94
2024-08-15,social_media,188.31
2024-08-15,email,17.53
2024-08-15,referral,11.06
2024-08-16,paid_search,224.7
2024-08-16,social_media,217.49
2024-08-16,email,32.2
2024-08-16,referral,13.38
2024-08-17,paid_search,202.18
2024-08-17,social_media,199.36
2024-08-17,email,29.45
2024-08-17,referral,15.18
2024-08-18,paid_search,233.41
2024-08-18,social_media,149.99
2024-08-18,email,23.43
2024-08-18,referral,15.34
2024-08-19,paid_search,214.8
2024-08-19,social_media,141.63
2024-08-19,email,31.64
2024-08-19,referral,18.03
2024-08-20,paid_search,219.98
2024-08-20,social_media,175.22
2024-08-20,email,26.52
2024-08-20,referral,11.81
2024-08-21,paid_search,241.83
2024-08-21,social_media,212.54
2024-08-21,email,28.04
2024-08-21,referral,15.89
2024-08-22,paid_search,194.77
2024-08-22,social_media,232.96
2024-08-22,email,19.35
2024-08-22,referral,19.47
2024-08-23,paid_search,247.26
2024-08-23,social_media,177.65
2024-08-23,email,29.93
2024-08-23,referral,14.96
2024-08-24,paid_search,246.95
2024-08-24,social_media,166.68
2024-08-24,email,32.22
2024-08-24,referral,13.5
2024-08-25,paid_search,263.28
2024-08-25,social_media,148.75
2024-08-25,email,28.49
2024-08-25,referral,17.79
2024-08-26,paid_search,246.45
2024-08-26,social_media,131.68
2024-08-26,email,30.48
2024-08-26,referral,12.11
2024-08-27,paid_search,218.35
2024-08-27,social_media,168.32
2024-08-27,email,32.27
2024-08-27,referral,16.43
2024-08-28,paid_search,266.0
2024-08-28,social_media,233.03
2024-08-28,email,25.72
2024-08-28,referral,13.54
2024-08-29,paid_search,243.48
2024-08-29,social_media,232.95
2024-08-29,email,28.87
2024-08-29,referral,14.02
2024-08-30,paid_search,223.68
2024-08-30,social_media,156.57
2024-08-30,email,27.95
2024-08-30,referral,12.26
2024-08-31,paid_search,267.03
2024-08-31,social_media,168.53
2024-08-31,email,19.46
2024-08-31,referral,17.27
2024-09-01,paid_search,230.61
2024-09-01,social_media,212.95
2024-09-01,email,30.25
2024-09-01,referral,16.89
2024-09-02,paid_search,214.39
2024-09-02,social_media,143.68
2024-09-02,email,19.56
2024-09-02,referral,16.76
2024-09-03,paid_search,192.42
2024-09-03,social_media,141.64
2024-09-03,email,20.77
2024-09-03,referral,17.24
2024-09-04,paid_search,251.06
2024-09-04,social_media,126.99
2024-09-04,email,28.39
2024-09-04,referral,15.68
2024-09-05,paid_search,243.54
2024-09-05,social_media,232.76
2024-09-05,email,19.71
2024-09-05,referral,19.05
2024-09-06,paid_search,210.38
2024-09-06,social_media,216.9
2024-09-06,email,31.39
2024-09-06,referral,11.36
2024-09-07,paid_search,282.59
2024-09-07,social_media,145.4
2024-09-07,email,18.29
2024-09-07,referral,19.32
2024-09-08,paid_search,239.81
2024-09-08,social_media,190.09
2024-09-08,email,32.05
2024-09-08,referral,16.14
2024-09-09,paid_search,207.33
2024-09-09,social_media,129.67
2024-09-09,email,21.11
2024-09-09,referral,14.9
2024-09-10,paid_search,244.81
2024-09-10,social_media,229.09
2024-09-10,email,27.29
2024-09-10,referral,13.88
2024-09-11,paid_search,245.32
2024-09-11,social_media,211.9
2024-09-11,email,27.38
2024-09-11,referral,17.5
2024-09-12,paid_search,268.17
2024-09-12,social_media,196.23
2024-09-12,email,21.63
2024-09-12,referral,16.38
2024-09-13,paid_search,202.49
2024-09-13,social_media,138.96
2024-09-13,email,18.74
2024-09-13,referral,14.9
2024-09-14,paid_search,242.28
2024-09-14,social_media,181.05
2024-09-14,email,17.85
2024-09-14,referral,15.66
2024-09-15,paid_search,229.59
2024-09-15,social_media,155.56
2024-09-15,email,28.68
2024-09-15,referral,17.65
2024-09-16,paid_search,177.9
2024-09-16,social_media,178.29
2024-09-16,email,27.17
2024-09-16,referral,14.4
2024-09-17,paid_search,229.43
2024-09-17,social_media,136.74
2024-09-17,email,18.45
2024-09-17,referral,18.68
2024-09-18,paid_search,258.97
2024-09-18,social_media,145.97
2024-09-18,email,29.69
2024-09-18,referral,10.68
2024-09-19,paid_search,227.4
2024-09-19,social_media,183.93
2024-09-19,email,29.68
2024-09-19,referral,14.9
2024-09-20,paid_search,222.49
2024-09-20,social_media,189.15
2024-09-20,email,28.21
2024-09-20,referral,17.61
2024-09-21,paid_search,170.38
2024-09-21,social_media,207.32
2024-09-21,email,31.99
2024-09-21,referral,18.58
2024-09-22,paid_search,177.85
2024-09-22,social_media,190.7
2024-09-22,email,20.2
2024-09-22,referral,15.49
2024-09-23,paid_search,259.67
2024-09-23,social_media,139.29
2024-09-23,email,19.43
2024-09-23,referral,12.36
2024-09-24,paid_search,175.28
2024-09-24,social_media,186.75
2024-09-24,email,30.27
2024-09-24,referral,10.82
2024-09-25,paid_search,283.35
2024-09-25,social_media,180.66
2024-09-25,email,22.95
2024-09-25,referral,15.4
2024-09-26,paid_search,209.84
2024-09-26,social_media,228.08
2024-09-26,email,17.5
2024-09-26,referral,13.21
2024-09-27,paid_search,278.9
2024-09-27,social_media,182.1
2024-09-27,email,29.24
2024-09-27,referral,16.43
2024-09-28,paid_search,212.73
2024-09-28,social_media,188.32
2024-09-28,email,27.93
2024-09-28,referral,15.2
2024-09-29,paid_search,284.15
2024-09-29,social_media,164.03
2024-09-29,email,25.57
2024-09-29,referral,12.39
2024-09-30,paid_search,167.07
2024-09-30,social_media,214.53
2024-09-30,email,21.06
2024-09-30,referral,12.19
2024-10-01,paid_search,193.56
2024-10-01,social_media,215.92
2024-10-01,email,31.86
2024-10-01,referral,15.92
2024-10-02,paid_search,182.52
2024-10-02,social_media,164.78
2024-10-02,email,19.43
2024-10-02,referral,16.1
2024-10-03,paid_search,163.82
2024-10-03,social_media,153.54
2024-10-03,email,23.23
2024-10-03,referral,18.63
2024-10-04,paid_search,206.81
2024-10-04,social_media,134.99
2024-10-04,email,21.31
2024-10-04,referral,14.33
2024-10-05,paid_search,245.68
2024-10-05,social_media,183.88
2024-10-05,email,18.56
2024-10-05,referral,17.09
2024-10-06,paid_search,285.39
2024-10-06,social_media,201.25
2024-10-06,email,20.39
2024-10-06,referral,13.85
2024-10-07,paid_search,240.77
2024-10-07,social_media,214.61
2024-10-07,email,26.57
2024-10-07,referral,14.28
2024-10-08,paid_search,174.26
2024-10-08,social_media,233.18
2024-10-08,email,24.0
2024-10-08,referral,10.73
2024-10-09,paid_search,233.68
2024-10-09,social_media,134.37
2024-10-09,email,19.37
2024-10-09,referral,11.49
2024-10-10,paid_search,226.38
2024-10-10,social_media,133.12
2024-10-10,email,27.1
2024-10-10,referral,13.77
2024-10-11,paid_search,198.02
2024-10-11,social_media,155.51
2024-10-11,email,30.53
2024-10-11,referral,12.53
2024-10-12,paid_search,155.3
2024-10-12,social_media,166.73
2024-10-12,email,32.03
2024-10-12,referral,13.91
2024-10-13,paid_search,167.86
2024-10-13,social_media,225.97
2024-10-13,email,20.14
2024-10-13,referral,17.05
2024-10-14,paid_search,194.46
2024-10-14,social_media,214.71
2024-10-14,email,24.84
2024-10-14,referral,15.26
2024-10-15,paid_search,246.46
2024-10-15,social_media,219.46
2024-10-15,email,25.77
2024-10-15,referral,15.97
2024-10-16,paid_search,272.35
2024-10-16,social_media,144.44
2024-10-16,email,31.7
2024-10-16,referral,14.01
2024-10-17,paid_search,199.56
2024-10-17,social_media,206.06
2024-10-17,email,32.02
2024-10-17,referral,15.29
2024-10-18,paid_search,232.49
2024-10-18,social_media,217.76
2024-10-18,email,24.65
2024-10-18,referral,11.65
2024-10-19,paid_search,155.25
2024-10-19,social_media,181.47
2024-10-19,email,19.83
2024-10-19,referral,11.64
2024-10-20,paid_search,204.0
2024-10-20,social_media,205.43
2024-10-20,email,18.29
2024-10-20,referral,17.03
2024-10-21,paid_search,282.63
2024-10-21,social_media,202.41
2024-10-21,email,21.24
2024-10-21,referral,15.98
2024-10-22,paid_search,247.3
2024-10-22,social_media,145.78
2024-10-22,email,32.29
2024-10-22,referral,17.69
2024-10-23,paid_search,220.29
2024-10-23,social_media,155.79
2024-10-23,email,23.92
2024-10-23,referral,18.98
2024-10-24,paid_search,270.34
2024-10-24,social_media,213.91
2024-10-24,email,22.08
2024-10-24,referral,18.22
2024-10-25,paid_search,279.06
2024-10-25,social_media,169.9
2024-10-25,email,22.19
2024-10-25,referral,11.31
2024-10-26,paid_search,164.49
2024-10-26,social_media,204.83
2024-10-26,email,31.67
2024-10-26,referral,11.99
2024-10-27,paid_search,161.58
2024-10-27,social_media,206.29
2024-10-27,email,25.81
2024-10-27,referral,14.94
2024-10-28,paid_search,269.41
2024-10-28,social_media,229.91
2024-10-28,email,23.86
2024-10-28,referral,15.08
2024-10-29,paid_search,250.47
2024-10-29,social_media,177.8
2024-10-29,email,25.23
2024-10-29,referral,19.48
2024-10-30,paid_search,271.23
2024-10-30,social_media,201.37
2024-10-30,email,23.58
2024-10-30,referral,16.05
2024-10-31,paid_search,274.24
2024-10-31,social_media,206.56
2024-10-31,email,28.21
2024-10-31,referral,16.82
2024-11-01,paid_search,252.96
2024-11-01,social_media,152.38
2024-11-01,email,28.58
2024-11-01,referral,19.06
2024-11-02,paid_search,262.68
2024-11-02,social_media,221.08
2024-11-02,email,25.42
2024-11-02,referral,15.98
2024-11-03,paid_search,234.17
2024-11-03,social_media,230.18
2024-11-03,email,27.62
2024-11-03,referral,18.44
2024-11-04,paid_search,223.1
2024-11-04,social_media,150.31
2024-11-04,email,18.63
2024-11-04,referral,18.05
2024-11-05,paid_search,221.81
2024-11-05,social_media,228.87
2024-11-05,email,23.84
2024-11-05,referral,13.91
2024-11-06,paid_search,203.27
2024-11-06,social_media,138.23
2024-11-06,email,31.21
2024-11-06,referral,12.75
2024-11-07,paid_search,225.16
2024-11-07,social_media,208.77
2024-11-07,email,19.27
2024-11-07,referral,13.19
2024-11-08,paid_search,192.75
2024-11-08,social_media,149.01
2024-11-08,email,28.57
2024-11-08,referral,15.62
2024-11-09,paid_search,182.71
2024-11-09,social_media,158.92
2024-11-09,email,31.5
2024-11-09,referral,16.29
2024-11-10,paid_search,263.0
2024-11-10,social_media,129.83
2024-11-10,email,24.45
2024-11-10,referral,16.06
2024-11-11,paid_search,218.45
2024-11-11,social_media,164.42
2024-11-11,email,26.73
2024-11-11,referral,13.46
2024-11-12,paid_search,200.71
2024-11-12,social_media,126.56
2024-11-12,email,30.85
2024-11-12,referral,12.18
2024-11-13,paid_search,200.8
2024-11-13,social_media,136.94
2024-11-13,email,24.88
2024-11-13,referral,11.26
2024-11-14,paid_search,221.89
2024-11-14,social_media,142.6
2024-11-14,email,19.36
2024-11-14,referral,14.89
2024-11-15,paid_search,174.54
2024-11-15,social_media,196.92
2024-11-15,email,20.89
2024-11-15,referral,14.06
2024-11-16,paid_search,193.51
2024-11-16,social_media,172.26
2024-11-16,email,20.23
2024-11-16,referral,17.8
2024-11-17,paid_search,168.35
2024-11-17,social_media,173.37
2024-11-17,email,30.09
2024-11-17,referral,11.96
2024-11-18,paid_search,200.69
2024-11-18,social_media,172.87
2024-11-18,email,22.89
2024-11-18,referral,18.33
2024-11-19,paid_search,180.2
2024-11-19,social_media,146.47
2024-11-19,email,18.1
2024-11-19,referral,14.05
2024-11-20,paid_search,252.2
2024-11-20,social_media,223.31
2024-11-20,email,19.9
2024-11-20,referral,12.29
2024-11-21,paid_search,217.27
2024-11-21,social_media,197.85
2024-11-21,email,21.49
2024-11-21,referral,14.29
2024-11-22,paid_search,226.62
2024-11-22,social_media,212.38
2024-11-22,email,28.21
2024-11-22,referral,13.42
2024-11-23,paid_search,254.9
2024-11-23,social_media,221.23
2024-11-23,email,25.03
2024-11-23,referral,18.81
2024-11-24,paid_search,265.28
2024-11-24,social_media,168.0
2024-11-24,email,19.15
2024-11-24,referral,11.47
2024-11-25,paid_search,156.79
2024-11-25,social_media,142.8
2024-11-25,email,25.0
2024-11-25,referral,17.41
2024-11-26,paid_search,185.22
2024-11-26,social_media,199.26
2024-11-26,email,22.63
2024-11-26,referral,19.29
2024-11-27,paid_search,251.34
2024-11-27,social_media,172.91
2024-11-27,email,21.84
2024-11-27,referral,14.87
2024-11-28,paid_search,254.44
2024-11-28,social_media,152.76
2024-11-28,email,19.79
2024-11-28,referral,15.1
2024-11-29,paid_search,186.93
2024-11-29,social_media,208.81
2024-11-29,email,30.46
2024-11-29,referral,19.45
2024-11-30,paid_search,186.65
2024-11-30,social_media,214.63
2024-11-30,email,20.48
2024-11-30,referral,16.86
2024-12-01,paid_search,260.91
2024-12-01,social_media,201.72
2024-12-01,email,25.04
2024-12-01,referral,12.13
2024-12-02,paid_search,285.02
2024-12-02,social_media,189.85
2024-12-02,email,27.02
2024-12-02,referral,12.56
2024-12-03,paid_search,171.46
2024-12-03,social_media,130.14
2024-12-03,email,32.36
2024-12-03,referral,18.86
2024-12-04,paid_search,210.27
2024-12-04,social_media,192.58
2024-12-04,email,18.86
2024-12-04,referral,10.96
2024-12-05,paid_search,207.76
2024-12-05,social_media,159.1
2024-12-05,email,27.0
2024-12-05,referral,12.58
2024-12-06,paid_search,198.38
2024-12-06,social_media,177.75
2024-12-06,email,25.15
2024-12-06,referral,16.29
2024-12-07,paid_search,194.17
2024-12-07,social_media,155.08
2024-12-07,email,21.71
2024-12-07,referral,13.66
2024-12-08,paid_search,209.19
2024-12-08,social_media,160.54
2024-12-08,email,18.21
2024-12-08,referral,10.87
2024-12-09,paid_search,160.88
2024-12-09,social_media,206.43
2024-12-09,email,20.68
2024-12-09,referral,14.75
2024-12-10,paid_search,273.92
2024-12-10,social_media,136.88
2024-12-10,email,20.27
2024-12-10,referral,19.03
2024-12-11,paid_search,201.99
2024-12-11,social_media,158.87
2024-12-11,email,18.95
2024-12-11,referral,10.62
2024-12-12,paid_search,226.83
2024-12-12,social_media,219.09
2024-12-12,email,22.47
2024-12-12,referral,17.17
2024-12-13,paid_search,201.7
2024-12-13,social_media,210.11
2024-12-13,email,25.43
2024-12-13,referral,13.84
2024-12-14,paid_search,239.83
2024-12-14,social_media,148.68
2024-12-14,email,23.26
2024-12-14,referral,18.48
2024-12-15,paid_search,171.22
2024-12-15,social_media,206.2
2024-12-15,email,19.31
2024-12-15,referral,15.78
2024-12-16,paid_search,274.41
2024-12-16,social_media,196.67
2024-12-16,email,20.36
2024-12-16,referral,16.84
2024-12-17,paid_search,276.17
2024-12-17,social_media,134.09
2024-12-17,email,25.7
2024-12-17,referral,13.59
2024-12-18,paid_search,249.75
2024-12-18,social_media,232.88
2024-12-18,email,20.53
2024-12-18,referral,16.99
2024-12-19,paid_search,159.78
2024-12-19,social_media,146.7
2024-12-19,email,25.76
2024-12-19,referral,12.77
2024-12-20,paid_search,269.77
2024-12-20,social_media,218.17
2024-12-20,email,31.1
2024-12-20,referral,19.28
2024-12-21,paid_search,272.13
2024-12-21,social_media,174.44
2024-12-21,email,28.26
2024-12-21,referral,18.7
2024-12-22,paid_search,162.94
2024-12-22,social_media,171.25
2024-12-22,email,31.47
2024-12-22,referral,15.03
2024-12-23,paid_search,156.89
2024-12-23,social_media,190.71
2024-12-23,email,27.95
2024-12-23,referral,11.66
2024-12-24,paid_search,160.0
2024-12-24,social_media,187.15
2024-12-24,email,29.42
2024-12-24,referral,16.74
2024-12-25,paid_search,251.77
2024-12-25,social_media,168.93
2024-12-25,email,27.77
2024-12-25,referral,18.33
2024-12-26,paid_search,282.24
2024-12-26,social_media,143.88
2024-12-26,email,28.76
2024-12-26,referral,13.96
2024-12-27,paid_search,256.88
2024-12-27,social_media,169.29
2024-12-27,email,21.57
2024-12-27,referral,12.16
2024-12-28,paid_search,175.12
2024-12-28,social_media,149.52
2024-12-28,email,27.95
2024-12-28,referral,18.41
2024-12-29,paid_search,258.37
2024-12-29,social_media,175.19
2024-12-29,email,28.12
2024-12-29,referral,15.23
2024-12-30,paid_search,194.05
2024-12-30,social_media,149.8
2024-12-30,email,28.12
2024-12-30,referral,15.47
2024-12-31,paid_search,176.59
2024-12-31,social_media,130.93
2024-12-31,email,21.07
2024-12-31,referral,10.85
2025-01-01,paid_search,173.55
2025-01-01,social_media,221.43
2025-01-01,email,31.41
2025-01-01,referral,12.93
2025-01-02,paid_search,258.36
2025-01-02,social_media,195.38
2025-01-02,email,21.24
2025-01-02,referral,17.91
2025-01-03,paid_search,224.57
2025-01-03,social_media,126.15
2025-01-03,email,22.71
2025-01-03,referral,15.95
2025-01-04,paid_search,202.72
2025-01-04,social_media,134.99
2025-01-04,email,28.08
2025-01-04,referral,15.44
2025-01-05,paid_search,249.31
2025-01-05,social_media,170.1
2025-01-05,email,26.67
2025-01-05,referral,13.42
2025-01-06,paid_search,161.56
2025-01-06,social_media,214.12
2025-01-06,email,29.86
2025-01-06,referral,12.47
2025-01-07,paid_search,281.41
2025-01-07,social_media,145.09
2025-01-07,email,32.07
2025-01-07,referral,15.34
2025-01-08,paid_search,283.2
2025-01-08,social_media,210.04
2025-01-08,email,29.21
2025-01-08,referral,11.46
2025-01-09,paid_search,252.44
2025-01-09,social_media,167.25
2025-01-09,email,27.31
2025-01-09,referral,18.33
2025-01-10,paid_search,237.73
2025-01-10,social_media,185.49
2025-01-10,email,29.75
2025-01-10,referral,12.49
2025-01-11,paid_search,189.48
2025-01-11,social_media,188.82
2025-01-11,email,29.62
2025-01-11,referral,17.28
2025-01-12,paid_search,174.54
2025-01-12,social_media,151.03
2025-01-12,email,28.39
2025-01-12,referral,13.82
2025-01-13,paid_search,273.09
2025-01-13,social_media,136.12
2025-01-13,email,20.22
2025-01-13,referral,12.17
2025-01-14,paid_search,267.83
2025-01-14,social_media,146.4
2025-01-14,email,24.86
2025-01-14,referral,17.07
2025-01-15,paid_search,239.48
2025-01-15,social_media,128.27
2025-01-15,email,19.94
2025-01-15,referral,12.1
2025-01-16,paid_search,206.03
2025-01-16,social_media,191.64
2025-01-16,email,18.54
2025-01-16,referral,11.15
2025-01-17,paid_search,186.37
2025-01-17,social_media,224.19
2025-01-17,email,32.06
2025-01-17,referral,11.4
2025-01-18,paid_search,223.53
2025-01-18,social_media,204.49
2025-01-18,email,29.62
2025-01-18,referral,15.93
2025-01-19,paid_search,203.88
2025-01-19,social_media,128.24
2025-01-19,email,29.9
2025-01-19,referral,17.37
2025-01-20,paid_search,239.07
2025-01-20,social_media,130.72
2025-01-20,email,21.23
2025-01-20,referral,11.25
2025-01-21,paid_search,172.83
2025-01-21,social_media,193.76
2025-01-21,email,17.7
2025-01-21,referral,19.2
2025-01-22,paid_search,280.41
2025-01-22,social_media,137.48
2025-01-22,email,28.54
2025-01-22,referral,13.55
2025-01-23,paid_search,247.38
2025-01-23,social_media,147.85
2025-01-23,email,24.71
2025-01-23,referral,15.57
2025-01-24,paid_search,212.65
2025-01-24,social_media,143.62
2025-01-24,email,22.48
2025-01-24,referral,11.89
2025-01-25,paid_search,161.38
2025-01-25,social_media,200.74
2025-01-25,email,26.91
2025-01-25,referral,11.61
2025-01-26,paid_search,262.89
2025-01-26,social_media,137.1
2025-01-26,email,21.95
2025-01-26,referral,15.1
2025-01-27,paid_search,264.42
2025-01-27,social_media,141.32
2025-01-27,email,31.18
2025-01-27,referral,10.72
2025-01-28,paid_search,210.38
2025-01-28,social_media,141.92
2025-01-28,email,27.33
2025-01-28,referral,12.53
2025-01-29,paid_search,270.03
2025-01-29,social_media,167.55
2025-01-29,email,30.76
2025-01-29,referral,17.91
2025-01-30,paid_search,168.84
2025-01-30,social_media,144.31
2025-01-30,email,19.15
2025-01-30,referral,11.42
2025-01-31,paid_search,280.17
2025-01-31,social_media,164.59
2025-01-31,email,26.74
2025-01-31,referral,11.57
2025-02-01,paid_search,275.88
2025-02-01,social_media,225.35
2025-02-01,email,30.93
2025-02-01,referral,15.94
2025-02-02,paid_search,177.5
2025-02-02,social_media,183.29
2025-02-02,email,26.49
2025-02-02,referral,16.61
2025-02-03,paid_search,173.83
2025-02-03,social_media,198.07
2025-02-03,email,22.02
2025-02-03,referral,17.86
2025-02-04,paid_search,199.99
2025-02-04,social_media,137.22
2025-02-04,email,31.24
2025-02-04,referral,16.46
2025-02-05,paid_search,277.14
2025-02-05,social_media,213.56
2025-02-05,email,28.17
2025-02-05,referral,11.19
2025-02-06,paid_search,154.29
2025-02-06,social_media,226.77
2025-02-06,email,19.73
2025-02-06,referral,16.4
2025-02-07,paid_search,196.27
2025-02-07,social_media,168.18
2025-02-07,email,28.32
2025-02-07,referral,17.57
2025-02-08,paid_search,217.15
2025-02-08,social_media,133.27
2025-02-08,email,26.17
2025-02-08,referral,19.14
2025-02-09,paid_search,190.76
2025-02-09,social_media,135.77
2025-02-09,email,32.42
2025-02-09,referral,12.14
2025-02-10,paid_search,204.82
2025-02-10,social_media,160.49
2025-02-10,email,23.86
2025-02-10,referral,16.74
2025-02-11,paid_search,208.64
2025-02-11,social_media,211.7
2025-02-11,email,22.5
2025-02-11,referral,17.72
2025-02-12,paid_search,240.32
2025-02-12,social_media,152.56
2025-02-12,email,23.78
2025-02-12,referral,14.97
2025-02-13,paid_search,224.46
2025-02-13,social_media,183.51
2025-02-13,email,29.82
2025-02-13,referral,13.96
2025-02-14,paid_search,230.69
2025-02-14,social_media,171.56
2025-02-14,email,26.17
2025-02-14,referral,16.74
2025-02-15,paid_search,252.77
2025-02-15,social_media,201.93
2025-02-15,email,21.03
2025-02-15,referral,10.53
2025-02-16,paid_search,285.2
2025-02-16,social_media,127.85
2025-02-16,email,25.88
2025-02-16,referral,19.12
2025-02-17,paid_search,275.56
2025-02-17,social_media,132.43
2025-02-17,email,22.74
2025-02-17,referral,18.14
2025-02-18,paid_search,268.41
2025-02-18,social_media,214.45
2025-02-18,email,21.92
2025-02-18,referral,11.8
2025-02-19,paid_search,266.64
2025-02-19,social_media,230.96
2025-02-19,email,31.19
2025-02-19,referral,12.68
2025-02-20,paid_search,263.27
2025-02-20,social_media,132.03
2025-02-20,email,19.57
2025-02-20,referral,19.16
2025-02-21,paid_search,246.92
2025-02-21,social_media,166.77
2025-02-21,email,17.9
2025-02-21,referral,19.18
2025-02-22,paid_search,203.06
2025-02-22,social_media,201.75
2025-02-22,email,27.44
2025-02-22,referral,11.16
2025-02-23,paid_search,264.54
2025-02-23,social_media,220.01
2025-02-23,email,17.95
2025-02-23,referral,13.79
2025-02-24,paid_search,164.43
2025-02-24,social_media,134.32
2025-02-24,email,26.04
2025-02-24,referral,17.82
2025-02-25,paid_search,173.76
2025-02-25,social_media,145.7
2025-02-25,email,28.65
2025-02-25,referral,17.23
2025-02-26,paid_search,246.21
2025-02-26,social_media,158.35
2025-02-26,email,23.67
2025-02-26,referral,13.54
2025-02-27,paid_search,257.14
2025-02-27,social_media,201.09
2025-02-27,email,21.8
2025-02-27,referral,11.9
2025-02-28,paid_search,270.31
2025-02-28,social_media,129.47
2025-02-28,email,28.77
2025-02-28,referral,15.03
2025-03-01,paid_search,155.43
2025-03-01,social_media,215.93
2025-03-01,email,27.7
2025-03-01,referral,18.38
2025-03-02,paid_search,227.15
2025-03-02,social_media,215.59
2025-03-02,email,31.29
2025-03-02,referral,15.02
2025-03-03,paid_search,247.63
2025-03-03,social_media,171.76
2025-03-03,email,19.85
2025-03-03,referral,19.26
2025-03-04,paid_search,222.84
2025-03-04,social_media,231.62
2025-03-04,email,19.38
2025-03-04,referral,12.41
2025-03-05,paid_search,235.71
2025-03-05,social_media,149.64
2025-03-05,email,20.26
2025-03-05,referral,17.21
2025-03-06,paid_search,227.83
2025-03-06,social_media,216.91
2025-03-06,email,29.75
2025-03-06,referral,14.72
2025-03-07,paid_search,195.34
2025-03-07,social_media,195.32
2025-03-07,email,29.91
2025-03-07,referral,11.98
2025-03-08,paid_search,260.04
2025-03-08,social_media,195.84
2025-03-08,email,20.42
2025-03-08,referral,11.48
2025-03-09,paid_search,164.27
2025-03-09,social_media,191.14
2025-03-09,email,30.2
2025-03-09,referral,10.75
2025-03-10,paid_search,191.25
2025-03-10,social_media,184.49
2025-03-10,email,18.48
2025-03-10,referral,15.87
2025-03-11,paid_search,253.86
2025-03-11,social_media,159.38
2025-03-11,email,25.78
2025-03-11,referral,16.25
2025-03-12,paid_search,158.27
2025-03-12,social_media,155.07
2025-03-12,email,32.15
2025-03-12,referral,15.58
2025-03-13,paid_search,228.41
2025-03-13,social_media,211.34
2025-03-13,email,18.19
2025-03-13,referral,13.33
2025-03-14,paid_search,278.54
2025-03-14,social_media,126.92
2025-03-14,email,22.85
2025-03-14,referral,13.04
2025-03-15,paid_search,206.55
2025-03-15,social_media,147.05
2025-03-15,email,28.78
2025-03-15,referral,17.03
2025-03-16,paid_search,282.55
2025-03-16,social_media,201.89
2025-03-16,email,18.96
2025-03-16,referral,14.17
2025-03-17,paid_search,251.87
2025-03-17,social_media,136.91
2025-03-17,email,29.61
2025-03-17,referral,11.85
2025-03-18,paid_search,231.51
2025-03-18,social_media,167.27
2025-03-18,email,26.3
2025-03-18,referral,18.17
2025-03-19,paid_search,192.3
2025-03-19,social_media,142.37
2025-03-19,email,24.45
2025-03-19,referral,18.47
2025-03-20,paid_search,166.31
2025-03-20,social_media,203.59
2025-03-20,email,30.77
2025-03-20,referral,17.77
2025-03-21,paid_search,240.36
2025-03-21,social_media,209.03
2025-03-21,email,19.92
2025-03-21,referral,19.17
2025-03-22,paid_search,222.15
2025-03-22,social_media,204.7
2025-03-22,email,27.27
2025-03-22,referral,18.87
2025-03-23,paid_search,199.07
2025-03-23,social_media,210.82
2025-03-23,email,22.59
2025-03-23,referral,13.74
2025-03-24,paid_search,266.99
2025-03-24,social_media,172.54
2025-03-24,email,30.86
2025-03-24,referral,17.47
2025-03-25,paid_search,205.17
2025-03-25,social_media,148.55
2025-03-25,email,26.66
2025-03-25,referral,11.17
2025-03-26,paid_search,174.12
2025-03-26,social_media,193.8
2025-03-26,email,24.96
2025-03-26,referral,17.74
2025-03-27,paid_search,172.83
2025-03-27,social_media,220.01
2025-03-27,email,25.71
2025-03-27,referral,19.22
2025-03-28,paid_search,257.15
2025-03-28,social_media,135.41
2025-03-28,email,18.91
2025-03-28,referral,13.32
2025-03-29,paid_search,277.3
2025-03-29,social_media,143.44
2025-03-29,email,21.7
2025-03-29,referral,13.77
2025-03-30,paid_search,165.78
2025-03-30,social_media,145.35
2025-03-30,email,29.08
2025-03-30,referral,12.82
2025-03-31,paid_search,216.47
2025-03-31,social_media,153.65
2025-03-31,email,30.65
2025-03-31,referral,16.35
2025-04-01,paid_search,172.54
2025-04-01,social_media,139.39
2025-04-01,email,26.03
2025-04-01,referral,10.86
2025-04-02,paid_search,267.39
2025-04-02,social_media,169.3
2025-04-02,email,30.36
2025-04-02,referral,18.75
2025-04-03,paid_search,171.03
2025-04-03,social_media,165.61
2025-04-03,email,30.17
2025-04-03,referral,19.07
2025-04-04,paid_search,203.33
2025-04-04,social_media,199.68
2025-04-04,email,25.09
2025-04-04,referral,12.87
2025-04-05,paid_search,269.57
2025-04-05,social_media,199.72
2025-04-05,email,26.81
2025-04-05,referral,16.29
2025-04-06,paid_search,251.82
2025-04-06,social_media,152.44
2025-04-06,email,29.82
2025-04-06,referral,10.57
2025-04-07,paid_search,266.6
2025-04-07,social_media,157.39
2025-04-07,email,19.87
2025-04-07,referral,14.09
2025-04-08,paid_search,163.63
2025-04-08,social_media,167.93
2025-04-08,email,24.43
2025-04-08,referral,11.34
2025-04-09,paid_search,215.5
2025-04-09,social_media,195.39
2025-04-09,email,31.0
2025-04-09,referral,14.68
2025-04-10,paid_search,165.33
2025-04-10,social_media,205.03
2025-04-10,email,31.26
2025-04-10,referral,18.8
2025-04-11,paid_search,255.4
2025-04-11,social_media,147.54
2025-04-11,email,22.43
2025-04-11,referral,13.36
2025-04-12,paid_search,285.53
2025-04-12,social_media,178.52
2025-04-12,email,28.03
2025-04-12,referral,14.79
2025-04-13,paid_search,190.75
2025-04-13,social_media,130.13
2025-04-13,email,19.84
2025-04-13,referral,14.73
2025-04-14,paid_search,238.51
2025-04-14,social_media,160.58
2025-04-14,email,17.97
2025-04-14,referral,15.91
2025-04-15,paid_search,204.2
2025-04-15,social_media,227.14
2025-04-15,email,22.92
2025-04-15,referral,14.37
2025-04-16,paid_search,216.49
2025-04-16,social_media,131.84
2025-04-16,email,30.52
2025-04-16,referral,19.07
2025-04-17,paid_search,244.24
2025-04-17,social_media,155.14
2025-04-17,email,27.04
2025-04-17,referral,11.25
2025-04-18,paid_search,163.14
2025-04-18,social_media,169.75
2025-04-18,email,21.98
2025-04-18,referral,16.91
2025-04-19,paid_search,269.01
2025-04-19,social_media,182.68
2025-04-19,email,27.54
2025-04-19,referral,12.84
2025-04-20,paid_search,263.63
2025-04-20,social_media,135.98
2025-04-20,email,31.02
2025-04-20,referral,13.58
2025-04-21,paid_search,253.42
2025-04-21,social_media,143.77
2025-04-21,email,22.74
2025-04-21,referral,14.27
2025-04-22,paid_search,216.77
2025-04-22,social_media,200.39
2025-04-22,email,19.91
2025-04-22,referral,16.77
2025-04-23,paid_search,200.82
2025-04-23,social_media,200.83
2025-04-23,email,23.34
2025-04-23,referral,10.59
2025-04-24,paid_search,257.37
2025-04-24,social_media,190.49
2025-04-24,email,18.67
2025-04-24,referral,16.51
2025-04-25,paid_search,235.38
2025-04-25,social_media,160.96
2025-04-25,email,32.3
2025-04-25,referral,18.95
2025-04-26,paid_search,252.05
2025-04-26,social_media,205.57
2025-04-26,email,22.25
2025-04-26,referral,11.85
2025-04-27,paid_search,214.54
2025-04-27,social_media,141.93
2025-04-27,email,30.46
2025-04-27,referral,11.52
2025-04-28,paid_search,282.04
2025-04-28,social_media,169.89
2025-04-28,email,25.31
2025-04-28,referral,10.53
2025-04-29,paid_search,213.47
2025-04-29,social_media,215.91
2025-04-29,email,19.39
2025-04-29,referral,14.54
2025-04-30,paid_search,281.97
2025-04-30,social_media,136.52
2025-04-30,email,20.78
2025-04-30,referral,19.31
2025-05-01,paid_search,209.46
2025-05-01,social_media,184.98
2025-05-01,email,19.99
2025-05-01,referral,13.9
2025-05-02,paid_search,199.95
2025-05-02,social_media,228.86
2025-05-02,email,32.08
2025-05-02,referral,15.69
2025-05-03,paid_search,155.9
2025-05-03,social_media,213.89
2025-05-03,email,17.74
2025-05-03,referral,18.57
2025-05-04,paid_search,220.28
2025-05-04,social_media,219.72
2025-05-04,email,27.99
2025-05-04,referral,16.34
2025-05-05,paid_search,214.19
2025-05-05,social_media,170.32
2025-05-05,email,22.78
2025-05-05,referral,15.38
2025-05-06,paid_search,223.06
2025-05-06,social_media,208.63
2025-05-06,email,19.2
2025-05-06,referral,12.08
2025-05-07,paid_search,210.55
2025-05-07,social_media,145.1
2025-05-07,email,26.42
2025-05-07,referral,15.38
2025-05-08,paid_search,204.37
2025-05-08,social_media,217.27
2025-05-08,email,27.83
2025-05-08,referral,14.44
2025-05-09,paid_search,191.39
2025-05-09,social_media,193.0
2025-05-09,email,31.38
2025-05-09,referral,18.21
2025-05-10,paid_search,285.39
2025-05-10,social_media,213.04
2025-05-10,email,19.06
2025-05-10,referral,16.35
2025-05-11,paid_search,235.35
2025-05-11,social_media,170.42
2025-05-11,email,24.95
2025-05-11,referral,17.27
2025-05-12,paid_search,276.39
2025-05-12,social_media,136.77
2025-05-12,email,24.16
2025-05-12,referral,15.73
2025-05-13,paid_search,158.31
2025-05-13,social_media,157.31
2025-05-13,email,23.81
2025-05-13,referral,12.51
2025-05-14,paid_search,214.01
2025-05-14,social_media,167.16
2025-05-14,email,20.43
2025-05-14,referral,14.73
2025-05-15,paid_search,170.43
2025-05-15,social_media,230.5
2025-05-15,email,31.21
2025-05-15,referral,14.22
2025-05-16,paid_search,262.3
2025-05-16,social_media,202.01
2025-05-16,email,28.62
2025-05-16,referral,10.57
2025-05-17,paid_search,203.45
2025-05-17,social_media,150.19
2025-05-17,email,21.75
2025-05-17,referral,18.42
2025-05-18,paid_search,188.91
2025-05-18,social_media,216.56
2025-05-18,email,29.43
2025-05-18,referral,14.23
2025-05-19,paid_search,185.89
2025-05-19,social_media,223.22
2025-05-19,email,23.72
2025-05-19,referral,10.64
2025-05-20,paid_search,174.25
2025-05-20,social_media,166.44
2025-05-20,email,29.75
2025-05-20,referral,17.88
2025-05-21,paid_search,233.19
2025-05-21,social_media,162.19
2025-05-21,email,31.89
2025-05-21,referral,19.44
2025-05-22,paid_search,185.92
2025-05-22,social_media,231.14
2025-05-22,email,20.39
2025-05-22,referral,16.3
2025-05-23,paid_search,263.37
2025-05-23,social_media,212.54
2025-05-23,email,26.17
2025-05-23,referral,11.66
2025-05-24,paid_search,237.99
2025-05-24,social_media,231.55
2025-05-24,email,20.11
2025-05-24,referral,18.64
2025-05-25,paid_search,222.28
2025-05-25,social_media,173.24
2025-05-25,email,18.99
2025-05-25,referral,17.71
2025-05-26,paid_search,220.56
2025-05-26,social_media,194.2
2025-05-26,email,29.26
2025-05-26,referral,18.09
2025-05-27,paid_search,236.81
2025-05-27,social_media,154.1
2025-05-27,email,25.79
2025-05-27,referral,19.04
2025-05-28,paid_search,180.9
2025-05-28,social_media,136.07
2025-05-28,email,24.06
2025-05-28,referral,16.16
2025-05-29,paid_search,232.31
2025-05-29,social_media,129.0
2025-05-29,email,28.11
2025-05-29,referral,18.79
2025-05-30,paid_search,164.4
2025-05-30,social_media,167.3
2025-05-30,email,28.64
2025-05-30,referral,11.67
2025-05-31,paid_search,213.89
2025-05-31,social_media,194.2
2025-05-31,email,22.87
2025-05-31,referral,12.66
2025-06-01,paid_search,272.52
2025-06-01,social_media,158.07
2025-06-01,email,25.53
2025-06-01,referral,12.71
2025-06-02,paid_search,256.96
2025-06-02,social_media,210.89
2025-06-02,email,29.06
2025-06-02,referral,16.43
2025-06-03,paid_search,190.3
2025-06-03,social_media,226.98
2025-06-03,email,26.91
2025-06-03,referral,16.25
2025-06-04,paid_search,230.47
2025-06-04,social_media,137.17
2025-06-04,email,24.39
2025-06-04,referral,15.86
2025-06-05,paid_search,168.13
2025-06-05,social_media,156.51
2025-06-05,email,30.92
2025-06-05,referral,11.33
2025-06-06,paid_search,219.24
2025-06-06,social_media,165.03
2025-06-06,email,30.07
2025-06-06,referral,14.02
2025-06-07,paid_search,218.82
2025-06-07,social_media,128.37
2025-06-07,email,18.6
2025-06-07,referral,19.13
2025-06-08,paid_search,164.07
2025-06-08,social_media,200.23
2025-06-08,email,23.13
2025-06-08,referral,13.32
2025-06-09,paid_search,273.9
2025-06-09,social_media,213.32
2025-06-09,email,20.2
2025-06-09,referral,10.59
2025-06-10,paid_search,177.59
2025-06-10,social_media,187.27
2025-06-10,email,26.6
2025-06-10,referral,10.78
2025-06-11,paid_search,282.82
2025-06-11,social_media,233.32
2025-06-11,email,24.76
2025-06-11,referral,16.03
2025-06-12,paid_search,226.14
2025-06-12,social_media,143.11
2025-06-12,email,28.63
2025-06-12,referral,18.84
2025-06-13,paid_search,179.46
2025-06-13,social_media,129.19
2025-06-13,email,17.85
2025-06-13,referral,15.11
2025-06-14,paid_search,174.11
2025-06-14,social_media,219.62
2025-06-14,email,19.22
2025-06-14,referral,12.45
2025-06-15,paid_search,197.24
2025-06-15,social_media,149.73
2025-06-15,email,28.42
2025-06-15,referral,18.96
2025-06-16,paid_search,189.32
2025-06-16,social_media,178.01
2025-06-16,email,31.8
2025-06-16,referral,13.64
2025-06-17,paid_search,226.8
2025-06-17,social_media,157.79
2025-06-17,email,28.68
2025-06-17,referral,14.96
2025-06-18,paid_search,221.67
2025-06-18,social_media,169.19
2025-06-18,email,20.4
2025-06-18,referral,12.06
2025-06-19,paid_search,244.69
2025-06-19,social_media,221.83
2025-06-19,email,21.72
2025-06-19,referral,14.04
2025-06-20,paid_search,231.04
2025-06-20,social_media,208.78
2025-06-20,email,22.17
2025-06-20,referral,17.65
2025-06-21,paid_search,279.9
2025-06-21,social_media,178.69
2025-06-21,email,30.74
2025-06-21,referral,14.31
2025-06-22,paid_search,252.61
2025-06-22,social_media,214.12
2025-06-22,email,26.84
2025-06-22,referral,15.97
2025-06-23,paid_search,210.67
2025-06-23,social_media,187.25
2025-06-23,email,23.11
2025-06-23,referral,16.19
2025-06-24,paid_search,162.48
2025-06-24,social_media,144.06
2025-06-24,email,18.01
2025-06-24,referral,15.1
2025-06-25,paid_search,231.47
2025-06-25,social_media,157.7
2025-06-25,email,29.9
2025-06-25,referral,16.31
2025-06-26,paid_search,281.4
2025-06-26,social_media,164.04
2025-06-26,email,17.95
2025-06-26,referral,12.12
2025-06-27,paid_search,196.59
2025-06-27,social_media,211.42
2025-06-27,email,22.87
2025-06-27,referral,11.15
2025-06-28,paid_search,240.72
2025-06-28,social_media,166.17
2025-06-28,email,29.19
2025-06-28,referral,11.6
2025-06-29,paid_search,196.05
2025-06-29,social_media,127.18
2025-06-29,email,22.43
2025-06-29,referral,14.69
2025-06-30,paid_search,258.97
2025-06-30,social_media,223.06
2025-06-30,email,25.92
2025-06-30,referral,13.97
2025-07-01,paid_search,233.44
2025-07-01,social_media,182.94
2025-07-01,email,19.04
2025-07-01,referral,13.0
2025-07-02,paid_search,234.24
2025-07-02,social_media,221.4
2025-07-02,email,30.4
2025-07-02,referral,11.17
2025-07-03,paid_search,271.83
2025-07-03,social_media,171.55
2025-07-03,email,28.84
2025-07-03,referral,13.36
2025-07-04,paid_search,196.26
2025-07-04,social_media,147.29
2025-07-04,email,29.54
2025-07-04,referral,14.99
2025-07-05,paid_search,284.71
2025-07-05,social_media,171.49
2025-07-05,email,19.36
2025-07-05,referral,12.04
2025-07-06,paid_search,197.15
2025-07-06,social_media,167.35
2025-07-06,email,26.15
2025-07-06,referral,13.07
2025-07-07,paid_search,238.96
2025-07-07,social_media,218.46
2025-07-07,email,32.32
2025-07-07,referral,18.7
2025-07-08,paid_search,191.54
2025-07-08,social_media,216.9
2025-07-08,email,23.54
2025-07-08,referral,18.56
2025-07-09,paid_search,275.18
2025-07-09,social_media,130.22
2025-07-09,email,27.17
2025-07-09,referral,11.13
2025-07-10,paid_search,166.56
2025-07-10,social_media,212.67
2025-07-10,email,28.35
2025-07-10,referral,12.97
2025-07-11,paid_search,253.49
2025-07-11,social_media,169.24
2025-07-11,email,25.85
2025-07-11,referral,13.32
2025-07-12,paid_search,234.83
2025-07-12,social_media,168.48
2025-07-12,email,27.95
2025-07-12,referral,14.59
2025-07-13,paid_search,266.02
2025-07-13,social_media,230.45
2025-07-13,email,19.32
2025-07-13,referral,13.87
2025-07-14,paid_search,235.57
2025-07-14,social_media,129.16
2025-07-14,email,18.22
2025-07-14,referral,10.59
2025-07-15,paid_search,167.88
2025-07-15,social_media,160.87
2025-07-15,email,27.81
2025-07-15,referral,14.42
2025-07-16,paid_search,176.47
2025-07-16,social_media,146.65
2025-07-16,email,31.03
2025-07-16,referral,13.82
2025-07-17,paid_search,273.18
2025-07-17,social_media,232.87
2025-07-17,email,31.51
2025-07-17,referral,18.31
2025-07-18,paid_search,188.28
2025-07-18,social_media,210.77
2025-07-18,email,19.16
2025-07-18,referral,19.02
2025-07-19,paid_search,163.91
2025-07-19,social_media,161.57
2025-07-19,email,26.69
2025-07-19,referral,17.81
2025-07-20,paid_search,189.63
2025-07-20,social_media,144.4
2025-07-20,email,19.57
2025-07-20,referral,14.65
2025-07-21,paid_search,170.67
2025-07-21,social_media,219.08
2025-07-21,email,28.8
2025-07-21,referral,18.49
2025-07-22,paid_search,281.49
2025-07-22,social_media,170.64
2025-07-22,email,24.2
2025-07-22,referral,11.6
2025-07-23,paid_search,223.64
2025-07-23,social_media,188.41
2025-07-23,email,27.42
2025-07-23,referral,19.29
2025-07-24,paid_search,196.49
2025-07-24,social_media,204.93
2025-07-24,email,20.89
2025-07-24,referral,12.87
2025-07-25,paid_search,193.1
2025-07-25,social_media,134.94
2025-07-25,email,25.88
2025-07-25,referral,18.36
2025-07-26,paid_search,241.05
2025-07-26,social_media,205.41
2025-07-26,email,20.59
2025-07-26,referral,11.2
2025-07-27,paid_search,282.27
2025-07-27,social_media,132.51
2025-07-27,email,17.7
2025-07-27,referral,12.45
2025-07-28,paid_search,262.04
2025-07-28,social_media,146.3
2025-07-28,email,19.07
2025-07-28,referral,12.38
2025-07-29,paid_search,231.95
2025-07-29,social_media,182.99
2025-07-29,email,30.38
2025-07-29,referral,17.34
2025-07-30,paid_search,195.16
2025-07-30,social_media,175.03
2025-07-30,email,19.81
2025-07-30,referral,15.04
2025-07-31,paid_search,274.66
2025-07-31,social_media,149.63
2025-07-31,email,22.95
2025-07-31,referral,19.28
2025-08-01,paid_search,268.56
2025-08-01,social_media,181.45
2025-08-01,email,29.2
2025-08-01,referral,12.19
2025-08-02,paid_search,190.67
2025-08-02,social_media,143.73
2025-08-02,email,22.11
2025-08-02,referral,18.33
2025-08-03,paid_search,239.59
2025-08-03,social_media,141.91
2025-08-03,email,30.64
2025-08-03,referral,17.21
2025-08-04,paid_search,185.75
2025-08-04,social_media,222.56
2025-08-04,email,20.31
2025-08-04,referral,10.76
2025-08-05,paid_search,241.37
2025-08-05,social_media,174.89
2025-08-05,email,21.48
2025-08-05,referral,18.84
2025-08-06,paid_search,165.1
2025-08-06,social_media,172.6
2025-08-06,email,19.76
2025-08-06,referral,15.02
2025-08-07,paid_search,221.05
2025-08-07,social_media,131.74
2025-08-07,email,21.59
2025-08-07,referral,11.38
2025-08-08,paid_search,239.62
2025-08-08,social_media,205.06
2025-08-08,email,23.84
2025-08-08,referral,13.15
2025-08-09,paid_search,207.16
2025-08-09,social_media,190.16
2025-08-09,email,25.44
2025-08-09,referral,14.94
2025-08-10,paid_search,211.23
2025-08-10,social_media,199.57
2025-08-10,email,27.2
2025-08-10,referral,19.13
2025-08-11,paid_search,182.98
2025-08-11,social_media,131.74
2025-08-11,email,18.04
2025-08-11,referral,12.9
2025-08-12,paid_search,162.69
2025-08-12,social_media,136.91
2025-08-12,email,20.9
2025-08-12,referral,16.08
2025-08-13,paid_search,248.49
2025-08-13,social_media,168.33
2025-08-13,email,19.02
2025-08-13,referral,17.11
2025-08-14,paid_search,270.1
2025-08-14,social_media,154.97
2025-08-14,email,20.59
2025-08-14,referral,17.57
2025-08-15,paid_search,199.89
2025-08-15,social_media,157.1
2025-08-15,email,26.44
2025-08-15,referral,17.1
2025-08-16,paid_search,166.44
2025-08-16,social_media,180.35
2025-08-16,email,28.01
2025-08-16,referral,14.79
2025-08-17,paid_search,194.3
2025-08-17,social_media,223.92
2025-08-17,email,21.08
2025-08-17,referral,13.34
2025-08-18,paid_search,163.17
2025-08-18,social_media,146.23
2025-08-18,email,31.0
2025-08-18,referral,11.78
2025-08-19,paid_search,155.68
2025-08-19,social_media,177.26
2025-08-19,email,22.51
2025-08-19,referral,12.1
2025-08-20,paid_search,188.83
2025-08-20,social_media,134.31
2025-08-20,email,27.69
2025-08-20,referral,18.18
2025-08-21,paid_search,232.41
2025-08-21,social_media,230.71
2025-08-21,email,26.25
2025-08-21,referral,14.89
2025-08-22,paid_search,186.67
2025-08-22,social_media,137.81
2025-08-22,email,29.78
2025-08-22,referral,15.61
2025-08-23,paid_search,284.73
2025-08-23,social_media,216.22
2025-08-23,email,25.38
2025-08-23,referral,12.01
2025-08-24,paid_search,173.35
2025-08-24,social_media,136.14
2025-08-24,email,22.07
2025-08-24,referral,17.13
2025-08-25,paid_search,213.75
2025-08-25,social_media,205.36
2025-08-25,email,32.35
2025-08-25,referral,12.82
2025-08-26,paid_search,218.22
2025-08-26,social_media,165.34
2025-08-26,email,17.7
2025-08-26,referral,13.67
2025-08-27,paid_search,247.74
2025-08-27,social_media,222.27
2025-08-27,email,29.12
2025-08-27,referral,18.21
2025-08-28,paid_search,273.09
2025-08-28,social_media,190.34
2025-08-28,email,19.19
2025-08-28,referral,16.67
2025-08-29,paid_search,250.12
2025-08-29,social_media,128.24
2025-08-29,email,32.18
2025-08-29,referral,18.21
2025-08-30,paid_search,241.04
2025-08-30,social_media,141.3
2025-08-30,email,24.97
2025-08-30,referral,12.7
2025-08-31,paid_search,251.81
2025-08-31,social_media,231.12
2025-08-31,email,22.89
2025-08-31,referral,17.2
2025-09-01,paid_search,179.59
2025-09-01,social_media,229.12
2025-09-01,email,27.08
2025-09-01,referral,19.19
2025-09-02,paid_search,269.78
2025-09-02,social_media,199.31
2025-09-02,email,30.99
2025-09-02,referral,14.54
2025-09-03,paid_search,280.5
2025-09-03,social_media,182.91
2025-09-03,email,21.48
2025-09-03,referral,16.61
2025-09-04,paid_search,271.22
2025-09-04,social_media,168.23
2025-09-04,email,23.76
2025-09-04,referral,19.45
2025-09-05,paid_search,194.83
2025-09-05,social_media,130.44
2025-09-05,email,25.3
2025-09-05,referral,13.59
2025-09-06,paid_search,234.83
2025-09-06,social_media,172.81
2025-09-06,email,24.33
2025-09-06,referral,19.21
2025-09-07,paid_search,258.59
2025-09-07,social_media,157.15
2025-09-07,email,32.04
2025-09-07,referral,14.99
2025-09-08,paid_search,244.49
2025-09-08,social_media,176.36
2025-09-08,email,19.75
2025-09-08,referral,19.2
2025-09-09,paid_search,236.34
2025-09-09,social_media,197.75
2025-09-09,email,22.05
2025-09-09,referral,13.09
2025-09-10,paid_search,259.57
2025-09-10,social_media,127.68
2025-09-10,email,18.11
2025-09-10,referral,13.05
2025-09-11,paid_search,232.29
2025-09-11,social_media,131.74
2025-09-11,email,22.09
2025-09-11,referral,14.37
2025-09-12,paid_search,241.15
2025-09-12,social_media,126.07
2025-09-12,email,21.27
2025-09-12,referral,13.65
2025-09-13,paid_search,191.39
2025-09-13,social_media,218.77
2025-09-13,email,27.48
2025-09-13,referral,17.42
2025-09-14,paid_search,174.46
2025-09-14,social_media,135.29
2025-09-14,email,21.56
2025-09-14,referral,19.46
2025-09-15,paid_search,179.97
2025-09-15,social_media,189.2
2025-09-15,email,18.71
2025-09-15,referral,12.47
2025-09-16,paid_search,216.46
2025-09-16,social_media,164.3
2025-09-16,email,29.68
2025-09-16,referral,16.23
2025-09-17,paid_search,209.78
2025-09-17,social_media,230.43
2025-09-17,email,18.97
2025-09-17,referral,12.85
2025-09-18,paid_search,193.87
2025-09-18,social_media,159.56
2025-09-18,email,25.96
2025-09-18,referral,16.61
2025-09-19,paid_search,196.57
2025-09-19,social_media,188.44
2025-09-19,email,27.75
2025-09-19,referral,12.3
2025-09-20,paid_search,171.91
2025-09-20,social_media,185.86
2025-09-20,email,22.02
2025-09-20,referral,11.27
2025-09-21,paid_search,228.8
2025-09-21,social_media,193.86
2025-09-21,email,25.69
2025-09-21,referral,13.88
2025-09-22,paid_search,269.62
2025-09-22,social_media,173.18
2025-09-22,email,19.58
2025-09-22,referral,14.48
2025-09-23,paid_search,195.35
2025-09-23,social_media,226.97
2025-09-23,email,28.19
2025-09-23,referral,14.72
2025-09-24,paid_search,210.45
2025-09-24,social_media,171.41
2025-09-24,email,23.65
2025-09-24,referral,10.75
2025-09-25,paid_search,227.78
2025-09-25,social_media,229.41
2025-09-25,email,23.81
2025-09-25,referral,17.3
2025-09-26,paid_search,235.21
2025-09-26,social_media,158.66
2025-09-26,email,21.14
2025-09-26,referral,15.11
2025-09-27,paid_search,170.8
2025-09-27,social_media,184.67
2025-09-27,email,25.98
2025-09-27,referral,13.14
2025-09-28,paid_search,253.7
2025-09-28,social_media,168.41
2025-09-28,email,23.54
2025-09-28,referral,10.55
2025-09-29,paid_search,260.59
2025-09-29,social_media,220.49
2025-09-29,email,24.4
2025-09-29,referral,10.99
2025-09-30,paid_search,161.22
2025-09-30,social_media,215.63
2025-09-30,email,27.25
2025-09-30,referral,13.5
2025-10-01,paid_search,166.86
2025-10-01,social_media,157.38
2025-10-01,email,24.72
2025-10-01,referral,13.48
2025-10-02,paid_search,162.03
2025-10-02,social_media,205.97
2025-10-02,email,27.62
2025-10-02,referral,17.15
2025-10-03,paid_search,161.0
2025-10-03,social_media,148.15
2025-10-03,email,19.66
2025-10-03,referral,17.16
2025-10-04,paid_search,219.38
2025-10-04,social_media,150.14
2025-10-04,email,27.64
2025-10-04,referral,18.17
2025-10-05,paid_search,193.72
2025-10-05,social_media,159.58
2025-10-05,email,32.34
2025-10-05,referral,10.56
2025-10-06,paid_search,218.01
2025-10-06,social_media,200.28
2025-10-06,email,19.22
2025-10-06,referral,10.5
2025-10-07,paid_search,233.7
2025-10-07,social_media,139.07
2025-10-07,email,18.95
2025-10-07,referral,12.34
2025-10-08,paid_search,216.53
2025-10-08,social_media,215.93
2025-10-08,email,24.16
2025-10-08,referral,11.0
2025-10-09,paid_search,170.08
2025-10-09,social_media,169.69
2025-10-09,email,32.24
2025-10-09,referral,17.88
2025-10-10,paid_search,265.11
2025-10-10,social_media,185.05
2025-10-10,email,29.83
2025-10-10,referral,16.63
2025-10-11,paid_search,267.43
2025-10-11,social_media,192.65
2025-10-11,email,23.99
2025-10-11,referral,16.23
2025-10-12,paid_search,178.39
2025-10-12,social_media,214.4
2025-10-12,email,27.36
2025-10-12,referral,12.04
2025-10-13,paid_search,251.9
2025-10-13,social_media,185.04
2025-10-13,email,24.64
2025-10-13,referral,13.11
2025-10-14,paid_search,242.11
2025-10-14,social_media,229.58
2025-10-14,email,24.89
2025-10-14,referral,16.51
2025-10-15,paid_search,205.64
2025-10-15,social_media,201.35
2025-10-15,email,19.11
2025-10-15,referral,14.25
2025-10-16,paid_search,210.08
2025-10-16,social_media,129.02
2025-10-16,email,24.36
2025-10-16,referral,15.58
2025-10-17,paid_search,155.45
2025-10-17,social_media,158.7
2025-10-17,email,27.18
2025-10-17,referral,18.54
2025-10-18,paid_search,235.82
2025-10-18,social_media,130.6
2025-10-18,email,31.11
2025-10-18,referral,19.17
2025-10-19,paid_search,215.76
2025-10-19,social_media,204.09
2025-10-19,email,21.65
2025-10-19,referral,19.34
2025-10-20,paid_search,201.22
2025-10-20,social_media,218.43
2025-10-20,email,25.05
2025-10-20,referral,13.64
2025-10-21,paid_search,247.22
2025-10-21,social_media,168.19
2025-10-21,email,18.44
2025-10-21,referral,16.4
2025-10-22,paid_search,200.45
2025-10-22,social_media,203.67
2025-10-22,email,22.59
2025-10-22,referral,16.94
2025-10-23,paid_search,257.84
2025-10-23,social_media,156.06
2025-10-23,email,28.94
2025-10-23,referral,13.23
2025-10-24,paid_search,206.0
2025-10-24,social_media,224.95
2025-10-24,email,27.18
2025-10-24,referral,13.89
2025-10-25,paid_search,216.27
2025-10-25,social_media,197.17
2025-10-25,email,26.14
2025-10-25,referral,18.85
2025-10-26,paid_search,256.35
2025-10-26,social_media,182.75
2025-10-26,email,19.44
2025-10-26,referral,13.42
2025-10-27,paid_search,280.09
2025-10-27,social_media,163.59
2025-10-27,email,26.76
2025-10-27,referral,14.13
2025-10-28,paid_search,159.93
2025-10-28,social_media,218.02
2025-10-28,email,19.89
2025-10-28,referral,11.37
2025-10-29,paid_search,168.02
2025-10-29,social_media,226.9
2025-10-29,email,24.65
2025-10-29,referral,17.34
2025-10-30,paid_search,283.54
2025-10-30,social_media,213.32
2025-10-30,email,28.49
2025-10-30,referral,12.63
2025-10-31,paid_search,272.77
2025-10-31,social_media,144.79
2025-10-31,email,30.89
2025-10-31,referral,17.3
2025-11-01,paid_search,209.45
2025-11-01,social_media,132.95
2025-11-01,email,26.68
2025-11-01,referral,11.53
2025-11-02,paid_search,265.78
2025-11-02,social_media,133.87
2025-11-02,email,28.95
2025-11-02,referral,15.96
2025-11-03,paid_search,264.97
2025-11-03,social_media,225.74
2025-11-03,email,22.32
2025-11-03,referral,16.79
2025-11-04,paid_search,203.85
2025-11-04,social_media,232.8
2025-11-04,email,26.11
2025-11-04,referral,12.3
2025-11-05,paid_search,187.33
2025-11-05,social_media,173.25
2025-11-05,email,21.79
2025-11-05,referral,12.31
2025-11-06,paid_search,175.4
2025-11-06,social_media,213.89
2025-11-06,email,29.63
2025-11-06,referral,12.23
2025-11-07,paid_search,230.84
2025-11-07,social_media,193.94
2025-11-07,email,27.53
2025-11-07,referral,12.33
2025-11-08,paid_search,260.92
2025-11-08,social_media,222.48
2025-11-08,email,22.89
2025-11-08,referral,14.17
2025-11-09,paid_search,226.15
2025-11-09,social_media,133.77
2025-11-09,email,20.28
2025-11-09,referral,17.07
2025-11-10,paid_search,274.25
2025-11-10,social_media,195.36
2025-11-10,email,24.94
2025-11-10,referral,17.99
2025-11-11,paid_search,229.29
2025-11-11,social_media,177.16
2025-11-11,email,22.78
2025-11-11,referral,16.07
2025-11-12,paid_search,227.75
2025-11-12,social_media,140.89
2025-11-12,email,18.51
2025-11-12,referral,14.35
2025-11-13,paid_search,203.65
2025-11-13,social_media,133.65
2025-11-13,email,18.67
2025-11-13,referral,17.54
2025-11-14,paid_search,193.37
2025-11-14,social_media,138.74
2025-11-14,email,20.96
2025-11-14,referral,15.91
2025-11-15,paid_search,197.68
2025-11-15,social_media,150.19
2025-11-15,email,31.61
2025-11-15,referral,18.8
2025-11-16,paid_search,187.18
2025-11-16,social_media,201.95
2025-11-16,email,18.52
2025-11-16,referral,18.34
2025-11-17,paid_search,281.79
2025-11-17,social_media,134.08
2025-11-17,email,26.13
2025-11-17,referral,18.18
2025-11-18,paid_search,277.0
2025-11-18,social_media,180.01
2025-11-18,email,23.49
2025-11-18,referral,11.01
2025-11-19,paid_search,246.07
2025-11-19,social_media,137.97
2025-11-19,email,24.56
2025-11-19,referral,18.76
2025-11-20,paid_search,188.72
2025-11-20,social_media,129.24
2025-11-20,email,22.57
2025-11-20,referral,12.85
2025-11-21,paid_search,198.16
2025-11-21,social_media,208.59
2025-11-21,email,19.59
2025-11-21,referral,15.42
2025-11-22,paid_search,250.87
2025-11-22,social_media,225.81
2025-11-22,email,27.45
2025-11-22,referral,18.4
2025-11-23,paid_search,185.1
2025-11-23,social_media,133.87
2025-11-23,email,31.72
2025-11-23,referral,18.64
2025-11-24,paid_search,246.81
2025-11-24,social_media,208.68
2025-11-24,email,18.03
2025-11-24,referral,19.33
2025-11-25,paid_search,279.39
2025-11-25,social_media,190.6
2025-11-25,email,26.69
2025-11-25,referral,11.23
2025-11-26,paid_search,226.79
2025-11-26,social_media,228.23
2025-11-26,email,21.56
2025-11-26,referral,10.88
2025-11-27,paid_search,158.7
2025-11-27,social_media,180.82
2025-11-27,email,27.26
2025-11-27,referral,14.38
2025-11-28,paid_search,194.05
2025-11-28,social_media,217.78
2025-11-28,email,32.07
2025-11-28,referral,10.69
2025-11-29,paid_search,161.31
2025-11-29,social_media,209.55
2025-11-29,email,29.67
2025-11-29,referral,15.31
2025-11-30,paid_search,267.56
2025-11-30,social_media,199.65
2025-11-30,email,28.57
2025-11-30,referral,15.47
2025-12-01,paid_search,160.88
2025-12-01,social_media,208.69
2025-12-01,email,27.93
2025-12-01,referral,14.37
2025-12-02,paid_search,210.34
2025-12-02,social_media,140.88
2025-12-02,email,24.07
2025-12-02,referral,18.57
2025-12-03,paid_search,283.69
2025-12-03,social_media,165.71
2025-12-03,email,20.4
2025-12-03,referral,14.43
2025-12-04,paid_search,161.65
2025-12-04,social_media,151.06
2025-12-04,email,26.33
2025-12-04,referral,12.54
2025-12-05,paid_search,252.67
2025-12-05,social_media,221.94
2025-12-05,email,29.4
2025-12-05,referral,15.61
2025-12-06,paid_search,284.8
2025-12-06,social_media,127.61
2025-12-06,email,28.3
2025-12-06,referral,17.81
2025-12-07,paid_search,164.11
2025-12-07,social_media,139.69
2025-12-07,email,20.21
2025-12-07,referral,10.89
2025-12-08,paid_search,200.16
2025-12-08,social_media,196.76
2025-12-08,email,21.16
2025-12-08,referral,13.13
2025-12-09,paid_search,234.01
2025-12-09,social_media,177.7
2025-12-09,email,19.34
2025-12-09,referral,11.19
2025-12-10,paid_search,187.03
2025-12-10,social_media,184.71
2025-12-10,email,24.92
2025-12-10,referral,17.12
2025-12-11,paid_search,201.12
2025-12-11,social_media,224.83
2025-12-11,email,20.8
2025-12-11,referral,16.92
2025-12-12,paid_search,278.27
2025-12-12,social_media,210.26
2025-12-12,email,21.89
2025-12-12,referral,16.38
2025-12-13,paid_search,223.54
2025-12-13,social_media,154.89
2025-12-13,email,27.97
2025-12-13,referral,15.03
2025-12-14,paid_search,161.13
2025-12-14,social_media,223.25
2025-12-14,email,28.08
2025-12-14,referral,16.1
2025-12-15,paid_search,190.93
2025-12-15,social_media,147.98
2025-12-15,email,19.56
2025-12-15,referral,19.28
2025-12-16,paid_search,184.43
2025-12-16,social_media,206.13
2025-12-16,email,20.66
2025-12-16,referral,13.85
2025-12-17,paid_search,261.76
2025-12-17,social_media,141.33
2025-12-17,email,32.17
2025-12-17,referral,16.79
2025-12-18,paid_search,239.79
2025-12-18,social_media,175.01
2025-12-18,email,19.21
2025-12-18,referral,14.99
2025-12-19,paid_search,158.46
2025-12-19,social_media,156.02
2025-12-19,email,23.26
2025-12-19,referral,17.94
2025-12-20,paid_search,165.15
2025-12-20,social_media,156.14
2025-12-20,email,26.65
2025-12-20,referral,14.96
2025-12-21,paid_search,267.89
2025-12-21,social_media,167.54
2025-12-21,email,18.17
2025-12-21,referral,12.35
2025-12-22,paid_search,178.34
2025-12-22,social_media,172.56
2025-12-22,email,18.28
2025-12-22,referral,13.25
2025-12-23,paid_search,225.48
2025-12-23,social_media,163.56
2025-12-23,email,17.89
2025-12-23,referral,15.98
2025-12-24,paid_search,271.9
2025-12-24,social_media,225.65
2025-12-24,email,31.11
2025-12-24,referral,17.79
2025-12-25,paid_search,232.01
2025-12-25,social_media,207.78
2025-12-25,email,22.61
2025-12-25,referral,17.96
2025-12-26,paid_search,211.3
2025-12-26,social_media,172.18
2025-12-26,email,28.44
2025-12-26,referral,17.12
2025-12-27,paid_search,161.54
2025-12-27,social_media,137.79
2025-12-27,email,23.32
2025-12-27,referral,16.99
2025-12-28,paid_search,243.49
2025-12-28,social_media,218.72
2025-12-28,email,31.57
2025-12-28,referral,14.67
2025-12-29,paid_search,229.58
2025-12-29,social_media,187.38
2025-12-29,email,25.28
2025-12-29,referral,11.96
2025-12-30,paid_search,204.33
2025-12-30,social_media,206.53
2025-12-30,email,31.37
2025-12-30,referral,11.69
