order_item_id,order_id,product_id,quantity,unit_price,discount,line_revenue
1,1,2,1,56.53,0.05,53.7
2,1,28,3,93.46,0.0,280.38
3,2,28,1,91.12,0.15,77.45
4,2,23,1,67.52,0.05,64.14
5,3,7,1,264.63,0.0,264.63
6,3,25,1,40.11,0.05,38.1
7,4,16,1,38.59,0.0,38.59
8,4,13,1,81.9,0.1,73.71
9,5,1,4,102.89,0.0,411.56
10,6,10,1,106.44,0.0,106.44
11,6,5,1,52.12,0.0,52.12
12,7,24,3,17.98,0.15,45.85
13,7,17,1,26.67,0.0,26.67
14,8,6,2,51.92,0.0,103.84
15,9,24,1,17.73,0.0,17.73
16,10,13,4,80.98,0.0,323.92
17,11,2,4,56.08,0.0,224.32
18,11,22,2,52.04,0.0,104.08
19,11,4,2,252.19,0.15,428.72
20,12,10,2,106.84,0.0,213.68
21,13,20,2,17.87,0.15,30.38
22,13,23,3,67.72,0.0,203.16
23,13,5,2,51.86,0.0,103.72
24,14,7,2,262.98,0.05,499.66
25,14,12,1,42.71,0.0,42.71
26,14,23,1,67.63,0.0,67.63
27,15,22,1,51.9,0.15,44.11
28,15,16,1,39.49,0.05,37.52
29,15,5,2,51.45,0.0,102.9
30,16,28,2,92.01,0.05,174.82
31,17,4,1,251.31,0.15,213.61
32,18,11,2,43.84,0.0,87.68
33,19,12,2,42.54,0.05,80.83
34,20,27,4,23.43,0.15,79.66
35,20,13,1,81.65,0.0,81.65
36,21,4,2,255.83,0.1,460.49
37,22,6,2,52.97,0.15,90.05
38,22,20,4,17.9,0.05,68.02
39,23,29,2,37.02,0.15,62.93
40,24,1,4,102.94,0.15,350.0
41,24,23,3,70.7,0.0,212.1
42,25,17,1,26.43,0.05,25.11
43,25,23,2,69.59,0.0,139.18
44,25,20,3,18.35,0.0,55.05
45,26,17,2,26.63,0.0,53.26
46,27,11,2,41.85,0.0,83.7
47,27,8,3,129.08,0.0,387.24
48,28,15,2,13.73,0.05,26.09
49,29,11,2,41.78,0.05,79.38
50,29,4,2,256.7,0.0,513.4
51,30,20,3,18.39,0.05,52.41
52,30,21,2,237.62,0.0,475.24
53,30,10,2,107.41,0.1,193.34
54,31,23,2,67.72,0.15,115.12
55,31,22,1,52.67,0.15,44.77
56,32,18,2,84.26,0.0,168.52
57,32,17,2,26.42,0.15,44.91
58,33,4,3,251.07,0.05,715.55
59,33,9,1,43.23,0.15,36.75
60,34,4,2,257.8,0.15,438.26
61,34,25,3,40.64,0.05,115.82
62,35,17,1,25.53,0.05,24.25
63,35,5,3,52.69,0.0,158.07
64,35,16,4,39.66,0.0,158.64
65,36,13,4,82.42,0.1,296.71
66,37,14,4,11.49,0.0,45.96
67,37,20,2,17.9,0.05,34.01
68,38,23,3,69.8,0.0,209.4
69,38,29,4,37.97,0.0,151.88
70,38,24,1,18.24,0.15,15.5
71,39,30,1,50.39,0.0,50.39
72,39,22,3,53.43,0.15,136.25
73,40,25,2,40.01,0.15,68.02
74,41,22,3,54.0,0.0,162.0
75,41,24,3,17.93,0.0,53.79
76,42,7,2,264.66,0.0,529.32
77,43,5,1,52.12,0.1,46.91
78,43,27,1,23.02,0.1,20.72
79,44,28,4,89.95,0.15,305.83
80,44,8,2,126.71,0.05,240.75
81,44,24,2,18.3,0.15,31.11
82,45,18,1,84.95,0.05,80.7
83,45,2,1,58.01,0.15,49.31
84,46,25,3,39.22,0.15,100.01
85,46,19,1,28.24,0.15,24.0
86,47,6,1,51.64,0.0,51.64
87,48,9,2,42.8,0.0,85.6
88,48,18,1,87.2,0.0,87.2
89,49,5,2,53.41,0.15,90.8
90,50,27,2,23.14,0.0,46.28
91,50,22,4,52.3,0.0,209.2
92,50,10,3,105.98,0.05,302.04
93,51,18,2,85.0,0.0,170.0
94,51,13,2,79.67,0.1,143.41
95,51,3,3,116.83,0.15,297.92
96,52,4,4,252.65,0.15,859.01
97,53,30,1,49.55,0.0,49.55
98,53,20,2,18.45,0.0,36.9
99,53,8,3,128.89,0.1,348.0
100,54,16,2,38.58,0.1,69.44
101,54,2,1,56.43,0.1,50.79
102,55,1,1,103.1,0.15,87.64
103,55,21,2,239.5,0.15,407.15
104,55,3,4,117.34,0.0,469.36
105,56,1,2,99.26,0.0,198.52
106,57,6,2,52.87,0.0,105.74
107,58,14,2,11.58,0.0,23.16
108,58,13,2,80.98,0.15,137.67
109,59,3,3,118.54,0.0,355.62
110,59,25,3,40.42,0.0,121.26
111,59,24,3,18.28,0.05,52.1
112,60,13,4,79.41,0.0,317.64
113,60,27,1,23.43,0.1,21.09
114,61,21,2,248.34,0.15,422.18
115,61,5,4,53.88,0.1,193.97
116,62,5,1,52.38,0.1,47.14
117,62,4,1,259.31,0.15,220.41
118,62,2,2,58.6,0.1,105.48
119,63,6,1,53.57,0.0,53.57
120,64,6,4,53.62,0.1,193.03
121,65,21,1,237.78,0.0,237.78
122,65,18,1,86.21,0.0,86.21
123,66,5,4,52.09,0.0,208.36
124,66,22,1,52.93,0.1,47.64
125,67,23,1,68.61,0.0,68.61
126,67,19,2,28.44,0.0,56.88
127,68,9,2,43.13,0.05,81.95
128,68,27,2,23.4,0.05,44.46
129,69,4,3,253.17,0.0,759.51
130,69,6,3,53.3,0.15,135.91
131,69,21,1,248.06,0.1,223.25
132,70,27,3,23.4,0.0,70.2
133,71,18,2,88.47,0.05,168.09
134,72,12,2,43.35,0.15,73.7
135,73,5,3,52.39,0.1,141.45
136,73,15,1,14.01,0.1,12.61
137,74,25,3,39.14,0.1,105.68
138,75,22,4,54.25,0.0,217.0
139,75,28,1,89.93,0.0,89.93
140,75,5,2,53.12,0.1,95.62
141,76,13,2,78.93,0.15,134.18
142,76,16,2,40.14,0.15,68.24
143,77,27,2,23.16,0.05,44.0
144,77,24,4,18.12,0.0,72.48
145,78,9,1,42.3,0.0,42.3
146,78,13,2,82.44,0.0,164.88
147,78,30,3,49.85,0.0,149.55
148,79,17,4,25.66,0.0,102.64
149,80,20,1,18.16,0.0,18.16
150,80,23,4,69.71,0.05,264.9
151,81,19,1,28.58,0.0,28.58
152,82,5,3,51.68,0.1,139.54
153,83,29,3,37.22,0.0,111.66
154,84,13,4,81.75,0.15,277.95
155,84,20,2,17.98,0.1,32.36
156,84,19,2,28.23,0.05,53.64
157,85,5,1,52.7,0.0,52.7
158,85,26,4,73.4,0.1,264.24
159,85,19,3,28.53,0.0,85.59
160,86,1,1,103.81,0.15,88.24
161,87,27,3,23.05,0.1,62.24
162,87,5,3,53.44,0.1,144.29
163,88,3,2,118.86,0.1,213.95
164,89,29,4,37.91,0.0,151.64
165,90,23,3,70.64,0.05,201.32
166,91,12,4,43.49,0.1,156.56
167,91,19,1,28.35,0.0,28.35
168,92,10,3,105.46,0.0,316.38
169,93,23,4,69.36,0.0,277.44
170,94,1,1,100.71,0.0,100.71
171,94,13,1,81.47,0.0,81.47
172,94,21,2,242.22,0.0,484.44
173,95,9,1,43.24,0.05,41.08
174,95,22,1,53.21,0.0,53.21
175,95,13,2,81.97,0.05,155.74
176,96,28,4,89.92,0.15,305.73
177,97,4,1,259.81,0.1,233.83
178,98,23,1,69.57,0.0,69.57
179,98,22,1,53.33,0.0,53.33
180,98,2,1,57.03,0.1,51.33
181,99,24,2,17.95,0.15,30.51
182,100,10,1,107.69,0.15,91.54
183,100,23,2,68.03,0.15,115.65
184,100,20,3,17.81,0.1,48.09
185,101,17,3,25.51,0.0,76.53
186,101,23,4,67.87,0.0,271.48
187,101,8,2,129.03,0.1,232.25
188,102,17,1,25.55,0.0,25.55
189,103,10,3,105.13,0.0,315.39
190,103,24,1,17.75,0.05,16.86
191,103,27,3,22.69,0.1,61.26
192,104,18,1,85.56,0.0,85.56
193,105,9,3,42.49,0.05,121.1
194,105,29,3,37.37,0.0,112.11
195,105,18,2,88.02,0.0,176.04
196,106,4,1,259.84,0.0,259.84
197,106,9,4,43.27,0.05,164.43
198,107,17,1,25.81,0.0,25.81
199,107,18,1,87.37,0.0,87.37
200,108,18,1,85.62,0.1,77.06
201,109,6,4,51.83,0.15,176.22
202,109,24,1,17.8,0.0,17.8
203,110,8,1,131.96,0.0,131.96
204,111,25,1,38.98,0.15,33.13
205,112,20,3,18.57,0.0,55.71
206,112,1,3,103.75,0.1,280.12
207,113,16,3,38.64,0.1,104.33
208,113,6,1,53.48,0.05,50.81
209,114,2,2,58.22,0.05,110.62
210,114,17,1,26.08,0.15,22.17
211,114,12,1,42.12,0.1,37.91
212,115,11,2,42.31,0.1,76.16
213,116,8,2,128.68,0.0,257.36
214,116,9,2,42.44,0.0,84.88
215,117,28,2,91.52,0.1,164.74
216,117,13,4,79.18,0.0,316.72
217,118,18,2,84.92,0.15,144.36
218,119,16,1,39.19,0.15,33.31
219,120,18,2,86.54,0.1,155.77
220,120,24,1,18.21,0.0,18.21
221,120,11,1,42.79,0.15,36.37
222,121,15,4,13.67,0.1,49.21
223,122,30,2,49.04,0.15,83.37
224,122,26,3,72.13,0.15,183.93
225,122,9,3,43.23,0.0,129.69
226,123,22,2,52.92,0.0,105.84
227,123,17,2,26.08,0.0,52.16
228,124,21,2,244.58,0.05,464.7
229,125,3,1,115.35,0.15,98.05
230,126,23,3,68.28,0.05,194.6
231,126,9,2,42.66,0.05,81.05
232,127,6,1,51.95,0.0,51.95
233,127,28,4,89.22,0.0,356.88
234,128,4,2,249.84,0.05,474.7
235,128,3,3,113.97,0.0,341.91
236,129,5,2,51.99,0.0,103.98
237,129,3,2,114.26,0.0,228.52
238,129,21,1,241.39,0.0,241.39
239,130,15,3,13.8,0.0,41.4
240,130,28,4,91.61,0.05,348.12
241,131,14,4,11.87,0.05,45.11
242,131,17,3,25.58,0.0,76.74
243,131,21,2,238.88,0.0,477.76
244,132,17,1,26.09,0.0,26.09
245,133,25,2,39.7,0.0,79.4
246,133,16,3,38.2,0.0,114.6
247,134,14,3,11.47,0.15,29.25
248,135,27,1,22.99,0.0,22.99
249,135,13,3,82.54,0.15,210.48
250,136,10,4,104.7,0.0,418.8
251,136,21,1,240.55,0.15,204.47
252,137,20,2,18.23,0.0,36.46
253,137,15,1,14.1,0.0,14.1
254,138,4,2,258.88,0.15,440.1
255,139,8,1,129.68,0.0,129.68
256,140,10,2,105.76,0.0,211.52
257,140,26,2,72.77,0.0,145.54
258,141,9,2,42.55,0.0,85.1
259,142,27,1,23.4,0.0,23.4
260,142,13,2,80.6,0.15,137.02
261,143,7,2,263.74,0.15,448.36
262,144,16,2,38.82,0.0,77.64
263,145,21,4,248.63,0.1,895.07
264,146,9,2,41.96,0.0,83.92
265,147,4,1,253.75,0.0,253.75
266,148,19,2,27.99,0.0,55.98
267,148,4,3,255.73,0.1,690.47
268,149,12,1,42.75,0.15,36.34
269,150,11,4,42.52,0.0,170.08
270,150,30,4,49.0,0.05,186.2
271,150,25,1,39.96,0.15,33.97
272,151,26,2,70.08,0.05,133.15
273,151,29,2,37.38,0.0,74.76
274,152,23,3,69.79,0.0,209.37
275,152,15,3,13.66,0.15,34.83
276,153,9,3,42.74,0.0,128.22
277,153,28,3,90.23,0.0,270.69
278,154,12,4,43.27,0.0,173.08
279,154,15,3,13.96,0.0,41.88
280,154,1,2,102.5,0.1,184.5
281,155,7,4,270.05,0.1,972.18
282,155,17,2,26.32,0.0,52.64
283,156,17,4,26.58,0.0,106.32
284,157,28,1,91.11,0.0,91.11
285,158,19,4,28.95,0.1,104.22
286,159,23,1,69.46,0.0,69.46
287,159,19,1,28.28,0.05,26.87
288,159,9,1,42.92,0.0,42.92
289,160,24,2,17.63,0.1,31.73
290,160,29,2,38.32,0.0,76.64
291,160,14,1,11.9,0.0,11.9
292,161,24,1,17.75,0.1,15.98
293,162,19,4,28.8,0.1,103.68
294,163,24,4,18.2,0.15,61.88
295,163,4,4,250.86,0.0,1003.44
296,164,13,4,82.9,0.05,315.02
297,164,17,2,26.2,0.0,52.4
298,164,11,2,43.13,0.15,73.32
299,165,20,3,18.13,0.1,48.95
300,165,8,4,132.79,0.05,504.6
301,166,1,1,102.17,0.1,91.95
302,166,24,1,17.85,0.0,17.85
303,167,7,2,273.79,0.15,465.44
304,168,30,3,51.1,0.0,153.3
305,168,18,1,85.63,0.0,85.63
306,169,12,3,42.22,0.0,126.66
307,169,29,1,38.0,0.0,38.0
308,170,24,2,17.73,0.15,30.14
309,171,27,3,22.53,0.1,60.83
310,171,30,2,48.87,0.0,97.74
311,171,4,2,255.19,0.0,510.38
312,172,24,4,18.43,0.15,62.66
313,173,2,3,57.53,0.0,172.59
314,173,10,2,104.44,0.0,208.88
315,174,15,3,13.48,0.05,38.42
316,174,25,2,39.12,0.0,78.24
317,175,16,3,39.29,0.0,117.87
318,176,13,3,81.66,0.0,244.98
319,177,18,2,86.58,0.1,155.84
320,177,7,3,269.68,0.0,809.04
321,178,9,2,43.54,0.0,87.08
322,179,22,2,52.65,0.0,105.3
323,180,20,1,17.93,0.0,17.93
324,180,21,3,246.95,0.1,666.76
325,181,15,1,13.58,0.15,11.54
326,182,5,4,51.62,0.0,206.48
327,182,25,1,40.71,0.0,40.71
328,183,11,4,42.41,0.05,161.16
329,184,11,1,42.21,0.1,37.99
330,185,25,2,40.84,0.15,69.43
331,185,9,4,42.35,0.15,143.99
332,185,18,3,84.81,0.0,254.43
333,186,26,4,70.2,0.15,238.68
334,187,3,2,117.44,0.15,199.65
335,188,28,1,92.97,0.05,88.32
336,188,4,1,256.17,0.15,217.74
337,189,29,2,38.06,0.0,76.12
338,190,7,3,270.18,0.15,688.96
339,191,2,1,56.83,0.05,53.99
340,192,24,1,17.9,0.15,15.21
341,192,6,2,53.96,0.1,97.13
342,193,26,4,71.43,0.0,285.72
343,193,2,3,56.6,0.0,169.8
344,194,22,1,53.12,0.15,45.15
345,194,5,3,53.17,0.05,151.53
346,195,19,1,28.44,0.1,25.6
347,196,15,1,13.51,0.1,12.16
348,196,18,4,87.87,0.0,351.48
349,197,30,1,50.17,0.0,50.17
350,197,5,2,52.76,0.15,89.69
351,197,14,1,11.82,0.0,11.82
352,198,25,2,39.66,0.05,75.35
353,199,15,4,13.61,0.0,54.44
354,199,24,1,17.6,0.1,15.84
355,200,9,3,42.03,0.15,107.18
356,200,20,1,18.42,0.05,17.5
357,200,19,1,28.87,0.15,24.54
358,201,6,2,51.69,0.0,103.38
359,201,28,1,92.42,0.0,92.42
360,202,14,4,11.44,0.0,45.76
361,202,8,1,132.75,0.05,126.11
362,203,16,2,39.05,0.0,78.1
363,203,23,3,68.66,0.0,205.98
364,203,11,2,43.37,0.1,78.07
365,204,17,4,26.16,0.05,99.41
366,204,21,2,237.47,0.0,474.94
367,204,29,3,38.81,0.0,116.43
368,205,13,4,79.55,0.05,302.29
369,205,17,2,26.5,0.0,53.0
370,205,25,2,39.42,0.0,78.84
371,206,29,4,38.3,0.0,153.2
372,206,5,1,53.85,0.15,45.77
373,206,15,3,13.71,0.05,39.07
374,207,6,2,53.24,0.0,106.48
375,208,3,2,118.9,0.0,237.8
376,208,9,4,41.72,0.15,141.85
377,209,21,1,241.73,0.1,217.56
378,209,12,3,42.49,0.05,121.1
379,210,25,1,39.97,0.15,33.97
380,211,6,1,53.24,0.05,50.58
381,212,10,2,104.22,0.0,208.44
382,212,24,1,18.28,0.0,18.28
383,213,16,2,38.2,0.05,72.58
384,213,28,1,91.93,0.05,87.33
385,214,15,3,13.59,0.1,36.69
386,214,3,2,116.81,0.0,233.62
387,215,6,1,52.26,0.0,52.26
388,216,22,3,52.51,0.0,157.53
389,217,4,2,251.61,0.0,503.22
390,218,22,3,52.18,0.05,148.71
391,218,23,4,70.62,0.0,282.48
392,218,20,2,18.61,0.0,37.22
393,219,27,1,22.65,0.15,19.25
394,219,18,2,85.89,0.0,171.78
395,220,20,1,18.46,0.15,15.69
396,221,3,4,118.18,0.15,401.81
397,221,16,2,39.89,0.0,79.78
398,221,24,3,18.15,0.0,54.45
399,222,19,4,28.7,0.0,114.8
400,222,16,3,38.77,0.0,116.31
401,222,17,1,26.08,0.0,26.08
402,223,26,3,71.53,0.0,214.59
403,224,18,4,86.89,0.15,295.43
404,224,26,2,70.26,0.0,140.52
405,225,18,1,85.53,0.05,81.25
406,225,11,4,43.85,0.0,175.4
407,225,25,1,39.51,0.15,33.58
408,226,30,1,49.96,0.15,42.47
409,226,16,2,39.27,0.0,78.54
410,227,26,2,70.21,0.1,126.38
411,227,27,2,23.29,0.1,41.92
412,228,1,4,103.84,0.0,415.36
413,228,7,1,266.31,0.0,266.31
414,228,19,2,28.9,0.0,57.8
415,229,20,3,18.51,0.0,55.53
416,229,13,4,81.71,0.0,326.84
417,229,6,2,53.69,0.0,107.38
418,230,27,1,22.69,0.0,22.69
419,230,10,1,108.2,0.05,102.79
420,231,1,3,100.84,0.05,287.39
421,231,26,4,71.15,0.0,284.6
422,231,16,1,38.39,0.1,34.55
423,232,7,4,267.79,0.1,964.04
424,233,1,2,102.65,0.1,184.77
425,234,11,2,41.97,0.15,71.35
426,235,1,2,100.16,0.0,200.32
427,235,19,1,28.76,0.05,27.32
428,236,9,1,41.77,0.1,37.59
429,237,17,3,25.89,0.0,77.67
430,237,4,4,257.03,0.0,1028.12
431,237,7,1,274.76,0.1,247.28
432,238,2,1,57.92,0.0,57.92
433,238,5,2,52.47,0.0,104.94
434,239,29,4,38.09,0.0,152.36
435,239,19,2,29.03,0.15,49.35
436,239,21,3,248.45,0.05,708.08
437,240,5,4,52.55,0.15,178.67
438,240,3,4,116.26,0.0,465.04
439,240,27,1,23.55,0.0,23.55
440,241,13,4,80.13,0.0,320.52
441,241,6,2,51.5,0.0,103.0
442,242,16,1,38.89,0.1,35.0
443,242,15,1,13.7,0.15,11.64
444,243,11,3,43.48,0.1,117.4
445,244,13,2,79.77,0.0,159.54
446,244,19,2,28.48,0.15,48.42
447,245,14,2,11.46,0.15,19.48
448,245,26,4,73.44,0.1,264.38
449,245,19,2,28.86,0.0,57.72
450,246,4,1,254.82,0.1,229.34
451,246,27,1,23.19,0.05,22.03
452,246,15,2,13.88,0.0,27.76
453,247,27,1,23.56,0.15,20.03
454,248,25,1,39.74,0.0,39.74
455,249,20,2,18.41,0.0,36.82
456,249,19,2,29.32,0.0,58.64
457,250,23,2,69.38,0.1,124.88
458,250,30,3,49.05,0.0,147.15
459,251,12,3,41.66,0.1,112.48
460,252,4,2,252.58,0.15,429.39
461,252,28,3,90.33,0.05,257.44
462,253,13,3,79.48,0.0,238.44
463,253,14,1,11.83,0.0,11.83
464,254,5,4,51.35,0.15,174.59
465,254,10,1,108.04,0.15,91.83
466,255,5,1,52.44,0.05,49.82
467,255,3,4,116.02,0.0,464.08
468,256,17,3,25.98,0.0,77.94
469,256,14,1,11.33,0.05,10.76
470,257,23,3,70.6,0.1,190.62
471,258,2,2,56.27,0.05,106.91
472,258,19,4,29.05,0.1,104.58
473,259,15,1,13.84,0.0,13.84
474,259,17,2,26.35,0.15,44.8
475,260,22,4,53.28,0.1,191.81
476,261,29,2,36.92,0.05,70.15
477,262,29,4,37.58,0.0,150.32
478,262,16,2,39.59,0.1,71.26
479,262,19,4,29.13,0.0,116.52
480,263,21,2,244.08,0.15,414.94
481,264,26,3,71.79,0.0,215.37
482,264,24,3,18.3,0.0,54.9
483,265,20,2,18.01,0.15,30.62
484,266,20,1,18.47,0.15,15.7
485,267,12,1,43.19,0.05,41.03
486,267,26,1,73.18,0.0,73.18
487,268,5,3,51.74,0.05,147.46
488,269,25,1,40.3,0.0,40.3
489,269,13,1,82.25,0.0,82.25
490,270,25,1,39.76,0.05,37.77
491,270,27,2,23.61,0.1,42.5
492,271,13,4,80.73,0.0,322.92
493,272,28,2,90.94,0.15,154.6
494,272,14,2,11.73,0.0,23.46
495,272,1,1,102.39,0.05,97.27
496,273,30,2,49.41,0.0,98.82
497,273,21,2,241.82,0.15,411.09
498,273,28,4,91.99,0.0,367.96
499,274,11,1,41.77,0.0,41.77
500,274,22,1,51.96,0.0,51.96
501,274,23,4,68.09,0.0,272.36
502,275,7,1,263.22,0.1,236.9
503,275,2,4,56.57,0.1,203.65
504,276,23,1,69.46,0.05,65.99
505,277,26,1,70.94,0.05,67.39
506,277,6,4,53.04,0.0,212.16
507,277,29,2,38.19,0.0,76.38
508,278,6,1,51.49,0.05,48.92
509,278,25,2,39.34,0.0,78.68
510,279,15,1,14.07,0.1,12.66
511,280,6,2,52.78,0.05,100.28
512,280,21,1,238.26,0.05,226.35
513,281,4,1,259.04,0.05,246.09
514,281,2,1,56.37,0.15,47.91
515,282,30,1,49.41,0.15,42.0
516,283,29,3,38.27,0.05,109.07
517,283,13,2,82.26,0.0,164.52
518,284,8,4,129.6,0.1,466.56
519,284,1,3,100.94,0.15,257.4
520,284,13,2,81.39,0.15,138.36
521,285,12,3,42.4,0.05,120.84
522,286,21,1,249.0,0.15,211.65
523,286,7,1,267.83,0.0,267.83
524,287,16,4,38.57,0.0,154.28
525,287,3,1,119.43,0.0,119.43
526,288,13,3,80.84,0.05,230.39
527,288,3,1,113.81,0.15,96.74
528,289,13,1,81.48,0.1,73.33
529,290,22,3,53.28,0.0,159.84
530,290,28,1,91.13,0.0,91.13
531,291,30,1,50.39,0.0,50.39
532,291,20,1,18.62,0.0,18.62
533,292,20,3,18.54,0.0,55.62
534,292,6,2,52.98,0.0,105.96
535,293,14,2,11.91,0.15,20.25
536,294,11,4,42.04,0.0,168.16
537,294,4,1,253.89,0.0,253.89
538,295,5,2,52.32,0.0,104.64
539,295,25,2,40.01,0.0,80.02
540,296,26,4,72.87,0.0,291.48
541,297,3,1,114.01,0.15,96.91
542,297,1,3,101.24,0.05,288.53
543,298,7,1,269.66,0.05,256.18
544,299,6,3,52.93,0.15,134.97
545,300,20,4,18.06,0.05,68.63
546,300,3,1,114.62,0.1,103.16
547,301,20,2,18.7,0.1,33.66
548,302,15,4,13.61,0.0,54.44
549,303,26,1,73.57,0.05,69.89
550,304,6,1,52.3,0.0,52.3
551,304,22,2,53.38,0.05,101.42
552,305,4,4,256.55,0.0,1026.2
553,306,16,3,39.99,0.15,101.97
554,307,19,2,28.97,0.0,57.94
555,307,11,1,42.46,0.0,42.46
556,308,24,2,17.92,0.0,35.84
557,309,16,3,39.98,0.0,119.94
558,310,30,3,49.72,0.0,149.16
559,311,24,4,17.82,0.0,71.28
560,311,7,1,270.29,0.0,270.29
561,312,4,2,251.74,0.0,503.48
562,313,29,2,38.43,0.15,65.33
563,314,29,3,37.07,0.1,100.09
564,314,6,2,51.9,0.05,98.61
565,314,19,2,29.05,0.15,49.38
566,315,8,2,127.88,0.1,230.18
567,316,30,3,49.8,0.0,149.4
568,317,16,4,38.26,0.1,137.74
569,318,16,4,39.1,0.0,156.4
570,318,26,1,70.05,0.15,59.54
571,319,7,2,271.38,0.0,542.76
572,319,5,1,52.14,0.15,44.32
573,320,28,4,93.41,0.05,354.96
574,320,19,1,28.57,0.0,28.57
575,321,23,1,67.57,0.15,57.43
576,321,21,2,240.64,0.0,481.28
577,322,18,1,84.41,0.0,84.41
578,322,19,4,28.74,0.15,97.72
579,322,26,2,70.41,0.0,140.82
580,323,20,2,18.38,0.15,31.25
581,323,2,1,58.21,0.0,58.21
582,324,8,1,131.3,0.1,118.17
583,324,18,4,87.35,0.0,349.4
584,325,12,2,42.58,0.0,85.16
585,325,29,1,37.78,0.1,34.0
586,326,27,4,23.46,0.0,93.84
587,326,4,2,259.99,0.15,441.98
588,326,16,1,39.97,0.0,39.97
589,327,13,1,82.73,0.0,82.73
590,328,9,1,42.61,0.0,42.61
591,329,21,2,243.69,0.0,487.38
592,329,1,2,101.38,0.15,172.35
593,329,10,1,103.58,0.0,103.58
594,330,21,3,245.0,0.0,735.0
595,330,11,2,43.27,0.1,77.89
596,330,14,2,11.66,0.0,23.32
597,331,26,2,71.38,0.0,142.76
598,332,5,2,53.9,0.1,97.02
599,333,23,3,70.77,0.15,180.46
600,334,6,1,54.0,0.1,48.6
601,335,15,2,13.56,0.15,23.05
602,336,22,2,52.1,0.05,98.99
603,337,6,1,52.41,0.05,49.79
604,337,18,1,88.16,0.0,88.16
605,337,10,1,106.2,0.1,95.58
606,338,21,2,240.55,0.1,432.99
607,338,23,4,69.32,0.05,263.42
608,339,23,4,67.46,0.15,229.36
609,339,4,3,249.81,0.1,674.49
610,340,15,2,13.45,0.15,22.86
611,341,19,3,29.36,0.0,88.08
612,342,1,1,101.39,0.15,86.18
613,343,17,2,25.89,0.1,46.6
614,344,2,2,58.04,0.05,110.28
615,344,30,2,48.76,0.0,97.52
616,344,22,2,52.91,0.1,95.24
617,345,7,4,272.68,0.05,1036.18
618,346,10,4,105.54,0.05,401.05
619,346,6,1,52.93,0.0,52.93
620,347,10,2,106.09,0.0,212.18
621,348,30,3,48.95,0.05,139.51
622,349,14,3,11.66,0.0,34.98
623,349,6,1,52.35,0.1,47.12
624,350,2,2,56.83,0.1,102.29
625,350,27,4,22.52,0.0,90.08
626,351,9,2,43.35,0.05,82.36
627,352,21,4,242.14,0.05,920.13
628,353,1,1,101.64,0.0,101.64
629,354,24,2,18.38,0.15,31.25
630,354,12,4,43.18,0.0,172.72
631,354,19,2,28.82,0.0,57.64
632,355,19,1,28.66,0.15,24.36
633,356,12,1,42.45,0.15,36.08
634,357,2,2,58.69,0.1,105.64
635,357,10,1,104.23,0.0,104.23
636,358,25,2,40.51,0.15,68.87
637,358,6,2,53.2,0.0,106.4
638,358,18,1,85.61,0.0,85.61
639,359,5,3,53.42,0.05,152.25
640,360,30,1,50.02,0.0,50.02
641,360,6,3,53.56,0.1,144.61
642,361,23,1,70.56,0.0,70.56
643,361,18,1,86.18,0.0,86.18
644,361,25,4,40.49,0.1,145.76
645,362,25,4,40.34,0.0,161.36
646,362,11,1,43.27,0.15,36.78
647,362,6,1,51.89,0.0,51.89
648,363,23,1,70.06,0.05,66.56
649,363,25,1,38.88,0.15,33.05
650,364,19,1,28.04,0.0,28.04
651,364,2,4,56.22,0.0,224.88
652,364,16,3,40.0,0.0,120.0
653,365,1,1,103.98,0.1,93.58
654,365,3,2,118.58,0.15,201.59
655,366,8,1,130.24,0.0,130.24
656,366,17,3,25.72,0.0,77.16
657,366,19,1,28.77,0.15,24.45
658,367,30,1,50.91,0.05,48.36
659,368,23,1,70.71,0.0,70.71
660,368,19,2,28.6,0.1,51.48
661,369,14,1,11.51,0.05,10.93
662,370,17,1,25.94,0.0,25.94
663,371,24,2,17.93,0.05,34.07
664,371,2,3,57.96,0.05,165.19
665,371,3,1,115.21,0.05,109.45
666,372,28,1,92.6,0.15,78.71
667,373,6,4,51.6,0.05,196.08
668,373,1,3,99.51,0.0,298.53
669,374,13,3,81.84,0.0,245.52
670,374,23,1,68.02,0.0,68.02
671,375,28,1,92.24,0.0,92.24
672,375,13,4,81.23,0.15,276.18
673,375,4,2,258.24,0.05,490.66
674,376,17,1,25.6,0.0,25.6
675,376,9,2,42.9,0.0,85.8
676,377,4,4,250.38,0.15,851.29
677,378,6,2,52.2,0.0,104.4
678,379,20,1,18.26,0.05,17.35
679,379,4,2,258.18,0.05,490.54
680,379,25,3,39.52,0.1,106.7
681,380,1,2,99.69,0.05,189.41
682,380,25,2,39.72,0.0,79.44
683,380,2,1,57.88,0.0,57.88
684,381,16,2,39.63,0.05,75.3
685,382,19,4,28.79,0.1,103.64
686,383,16,1,38.98,0.05,37.03
687,383,18,3,86.79,0.0,260.37
688,383,28,2,88.98,0.0,177.96
689,384,27,2,23.36,0.0,46.72
690,385,13,2,80.25,0.0,160.5
691,385,4,1,252.74,0.15,214.83
692,386,19,4,28.43,0.0,113.72
693,386,3,1,115.43,0.05,109.66
694,387,19,2,29.0,0.1,52.2
695,387,17,1,25.97,0.05,24.67
696,388,19,2,28.97,0.0,57.94
697,388,4,2,259.53,0.0,519.06
698,389,20,2,18.18,0.05,34.54
699,390,27,3,22.8,0.0,68.4
700,391,13,3,79.15,0.1,213.7
701,391,26,1,71.01,0.1,63.91
702,391,8,3,127.79,0.0,383.37
703,392,17,2,26.18,0.0,52.36
704,392,26,2,72.31,0.05,137.39
705,393,6,4,53.65,0.1,193.14
706,393,29,2,38.77,0.15,65.91
707,393,1,2,102.39,0.1,184.3
708,394,30,4,50.06,0.0,200.24
709,394,19,2,28.2,0.15,47.94
710,395,28,2,92.73,0.0,185.46
711,395,14,4,11.57,0.0,46.28
712,396,9,4,42.41,0.0,169.64
713,397,7,1,273.86,0.05,260.17
714,398,18,2,84.22,0.0,168.44
715,398,14,2,11.48,0.0,22.96
716,399,6,1,52.63,0.0,52.63
717,399,21,1,237.99,0.1,214.19
718,399,28,2,93.06,0.05,176.81
719,400,22,1,53.98,0.0,53.98
720,400,29,1,38.32,0.0,38.32
721,401,22,3,54.11,0.0,162.33
722,401,27,3,23.44,0.0,70.32
723,401,19,3,29.16,0.15,74.36
724,402,30,2,49.0,0.0,98.0
725,403,15,2,13.45,0.1,24.21
726,403,14,2,11.39,0.1,20.5
727,404,16,1,39.96,0.0,39.96
728,404,22,2,52.7,0.0,105.4
729,405,21,3,246.16,0.0,738.48
730,406,9,3,42.92,0.15,109.45
731,407,29,4,38.58,0.05,146.6
732,407,26,2,73.55,0.0,147.1
733,408,3,1,118.61,0.0,118.61
734,408,30,2,50.98,0.15,86.67
735,409,26,2,73.04,0.05,138.78
736,409,2,2,58.66,0.0,117.32
737,410,29,1,38.25,0.1,34.43
738,410,30,1,50.27,0.1,45.24
739,411,15,1,13.87,0.0,13.87
740,411,23,4,69.59,0.0,278.36
741,412,7,2,263.57,0.0,527.14
742,412,21,1,249.03,0.15,211.68
743,413,28,3,92.55,0.0,277.65
744,414,16,4,38.54,0.1,138.74
745,414,28,2,89.77,0.05,170.56
746,415,6,2,53.71,0.0,107.42
747,415,13,1,82.59,0.15,70.2
748,416,21,1,239.41,0.15,203.5
749,416,8,1,130.51,0.1,117.46
750,416,30,2,51.18,0.0,102.36
751,417,4,3,261.57,0.05,745.47
752,417,1,4,100.24,0.0,400.96
753,417,23,1,70.2,0.0,70.2
754,418,24,2,18.37,0.1,33.07
755,418,16,1,38.76,0.15,32.95
756,419,14,1,11.41,0.0,11.41
757,420,8,2,128.86,0.15,219.06
758,420,20,4,17.78,0.0,71.12
759,421,23,4,68.68,0.05,260.98
760,421,13,4,79.07,0.1,284.65
761,422,2,2,57.32,0.0,114.64
762,423,22,4,51.82,0.0,207.28
763,423,26,3,71.12,0.05,202.69
764,423,20,4,18.68,0.1,67.25
765,424,19,1,28.72,0.0,28.72
766,425,5,2,52.49,0.0,104.98
767,425,3,1,119.32,0.05,113.35
768,426,24,2,18.39,0.1,33.1
769,426,12,2,42.61,0.0,85.22
770,427,24,1,18.43,0.15,15.67
771,427,16,2,38.49,0.0,76.98
772,428,2,2,58.01,0.05,110.22
773,429,29,2,37.59,0.15,63.9
774,430,16,4,38.44,0.0,153.76
775,430,15,1,13.54,0.0,13.54
776,430,4,4,253.07,0.15,860.44
777,431,7,3,264.93,0.0,794.79
778,431,19,1,28.97,0.0,28.97
779,431,1,1,104.18,0.0,104.18
780,432,12,1,41.99,0.0,41.99
781,432,19,2,28.95,0.05,55.0
782,433,20,1,17.82,0.1,16.04
783,433,22,2,53.69,0.15,91.27
784,434,5,1,52.08,0.0,52.08
785,434,7,4,275.59,0.05,1047.24
786,434,28,1,89.68,0.05,85.2
787,435,1,1,103.13,0.0,103.13
788,436,4,2,255.17,0.0,510.34
789,437,5,1,52.7,0.05,50.06
790,437,12,2,42.7,0.1,76.86
791,437,22,3,53.76,0.0,161.28
792,438,6,2,52.71,0.05,100.15
793,438,14,4,11.73,0.0,46.92
794,438,21,2,245.01,0.0,490.02
795,439,15,1,13.75,0.0,13.75
796,439,14,1,11.5,0.0,11.5
797,440,14,1,11.87,0.1,10.68
798,440,10,1,105.48,0.05,100.21
799,440,19,4,29.17,0.0,116.68
800,441,19,3,29.07,0.05,82.85
801,441,3,1,118.51,0.0,118.51
802,442,14,4,11.67,0.05,44.35
803,443,20,2,18.63,0.0,37.26
804,443,26,1,72.76,0.1,65.48
805,444,28,1,88.93,0.05,84.48
806,444,22,1,53.48,0.05,50.81
807,445,28,4,91.12,0.1,328.03
808,445,22,3,53.53,0.15,136.5
809,446,26,1,70.06,0.0,70.06
810,446,10,1,104.26,0.0,104.26
811,447,16,4,38.68,0.15,131.51
812,448,7,2,268.26,0.0,536.52
813,448,3,1,117.89,0.05,112.0
814,448,10,2,107.91,0.1,194.24
815,449,7,2,273.95,0.0,547.9
816,450,1,4,101.32,0.05,385.02
817,450,4,2,257.31,0.1,463.16
818,451,2,2,57.68,0.1,103.82
819,451,16,4,39.93,0.0,159.72
820,452,17,1,25.88,0.0,25.88
821,453,29,2,37.13,0.1,66.83
822,453,21,4,245.64,0.0,982.56
823,454,10,4,105.1,0.0,420.4
824,455,8,4,130.4,0.15,443.36
825,455,19,4,29.28,0.15,99.55
826,455,30,4,49.79,0.15,169.29
827,456,26,1,71.05,0.15,60.39
828,456,16,1,38.45,0.0,38.45
829,457,20,2,18.16,0.05,34.5
830,458,8,3,126.52,0.0,379.56
831,458,7,2,264.85,0.1,476.73
832,459,26,1,70.43,0.0,70.43
833,460,18,1,88.45,0.0,88.45
834,461,25,3,39.13,0.15,99.78
835,462,20,4,18.66,0.05,70.91
836,462,22,1,53.83,0.1,48.45
837,462,4,1,250.04,0.0,250.04
838,463,21,1,248.3,0.0,248.3
839,464,23,3,70.4,0.0,211.2
840,464,15,4,13.99,0.0,55.96
841,465,15,2,13.42,0.05,25.5
842,466,10,1,105.26,0.05,100.0
843,466,17,2,25.79,0.1,46.42
844,467,26,1,71.53,0.05,67.95
845,467,8,2,129.83,0.15,220.71
846,468,1,1,102.81,0.1,92.53
847,468,15,1,13.64,0.0,13.64
848,469,2,1,57.82,0.1,52.04
849,469,13,1,82.83,0.15,70.41
850,470,10,4,107.98,0.15,367.13
851,470,14,4,11.53,0.0,46.12
852,470,13,3,79.37,0.05,226.2
853,471,21,3,244.65,0.05,697.25
854,471,7,4,273.65,0.15,930.41
855,472,25,2,39.91,0.05,75.83
856,472,7,4,274.59,0.1,988.52
857,473,10,3,106.07,0.15,270.48
858,473,7,1,274.74,0.1,247.27
859,473,3,3,118.45,0.0,355.35
860,474,17,4,25.96,0.15,88.26
861,474,4,3,250.12,0.15,637.81
862,475,15,2,13.42,0.0,26.84
863,476,26,4,72.09,0.15,245.11
864,477,28,2,91.96,0.15,156.33
865,477,20,3,18.44,0.1,49.79
866,477,8,4,128.58,0.1,462.89
867,478,27,2,22.66,0.05,43.05
868,479,3,2,116.32,0.05,221.01
869,479,2,1,57.49,0.1,51.74
870,480,17,2,26.31,0.05,49.99
871,480,25,4,39.82,0.05,151.32
872,480,13,1,79.29,0.15,67.4
873,481,5,3,51.64,0.0,154.92
874,481,23,2,69.96,0.1,125.93
875,482,30,3,49.01,0.0,147.03
876,482,4,3,256.35,0.0,769.05
877,483,10,2,103.39,0.0,206.78
878,483,12,1,42.58,0.0,42.58
879,484,7,4,264.13,0.0,1056.52
880,484,6,1,52.45,0.1,47.21
881,485,19,2,28.68,0.15,48.76
882,485,15,3,13.51,0.15,34.45
883,486,25,4,40.59,0.0,162.36
884,486,15,1,13.88,0.05,13.19
885,487,8,2,126.7,0.15,215.39
886,487,29,2,38.15,0.0,76.3
887,488,19,4,29.02,0.1,104.47
888,489,21,3,248.85,0.1,671.9
889,490,25,3,39.79,0.0,119.37
890,490,2,1,57.5,0.0,57.5
891,490,19,2,28.34,0.15,48.18
892,491,15,3,13.7,0.0,41.1
893,491,3,2,113.62,0.05,215.88
894,491,26,1,73.17,0.0,73.17
895,492,9,1,42.71,0.0,42.71
896,492,3,1,118.07,0.0,118.07
897,493,14,1,11.9,0.0,11.9
898,493,22,1,52.51,0.0,52.51
899,494,5,2,53.86,0.0,107.72
900,494,14,1,11.77,0.1,10.59
901,495,16,3,38.96,0.0,116.88
902,496,2,2,56.13,0.0,112.26
903,496,11,2,43.75,0.0,87.5
904,497,18,4,87.43,0.15,297.26
905,497,19,1,28.58,0.0,28.58
906,498,7,2,264.76,0.0,529.52
907,498,26,3,73.55,0.1,198.58
908,498,5,2,53.51,0.1,96.32
909,499,21,1,248.43,0.0,248.43
910,499,6,3,53.16,0.0,159.48
911,500,19,3,28.22,0.1,76.19
912,362,3,4,114.31,0.1,411.52
913,362,10,2,104.38,0.1,187.88
914,362,13,2,82.68,0.15,140.56
915,74,25,2,40.17,0.0,80.34
916,74,23,2,70.71,0.0,141.42
917,375,30,4,51.09,0.1,183.92
918,156,1,1,101.22,0.15,86.04
919,156,29,4,37.66,0.0,150.64
920,105,18,1,87.67,0.05,83.29
