date,channel,spend
2024-01-01,paid_search,183.14
2024-01-01,social_media,212.59
2024-01-01,email,19.99
2024-01-01,referral,15.56
2024-01-02,paid_search,238.53
2024-01-02,social_media,169.25
2024-01-02,email,32.19
2024-01-02,referral,13.05
2024-01-03,paid_search,109.33
2024-01-03,social_media,169.03
2024-01-03,email,32.83
2024-01-03,referral,24.21
2024-01-04,paid_search,292.36
2024-01-04,social_media,228.01
2024-01-04,email,22.63
2024-01-04,referral,23.64
2024-01-05,paid_search,257.64
2024-01-05,social_media,212.55
2024-01-05,email,28.93
2024-01-05,referral,10.66
2024-01-06,paid_search,241.11
2024-01-06,social_media,114.54
2024-01-06,email,30.17
2024-01-06,referral,16.26
2024-01-07,paid_search,185.24
2024-01-07,social_media,230.68
2024-01-07,email,22.76
2024-01-07,referral,13.75
2024-01-08,paid_search,249.37
2024-01-08,social_media,179.29
2024-01-08,email,26.46
2024-01-08,referral,18.87
2024-01-09,paid_search,179.39
2024-01-09,social_media,142.96
2024-01-09,email,23.55
2024-01-09,referral,14.76
2024-01-10,paid_search,255.32
2024-01-10,social_media,267.38
2024-01-10,email,24.73
2024-01-10,referral,15.14
2024-01-11,paid_search,184.17
2024-01-11,social_media,145.22
2024-01-11,email,29.23
2024-01-11,referral,15.15
2024-01-12,paid_search,288.59
2024-01-12,social_media,231.22
2024-01-12,email,30.43
2024-01-12,referral,9.52
2024-01-13,paid_search,257.58
2024-01-13,social_media,137.94
2024-01-13,email,13.23
2024-01-13,referral,15.83
2024-01-14,paid_search,294.69
2024-01-14,social_media,212.03
2024-01-14,email,19.49
2024-01-14,referral,25.49
2024-01-15,paid_search,264.92
2024-01-15,social_media,142.12
2024-01-15,email,12.21
2024-01-15,referral,14.23
2024-01-16,paid_search,111.98
2024-01-16,social_media,133.66
2024-01-16,email,14.38
2024-01-16,referral,12.17
2024-01-17,paid_search,190.65
2024-01-17,social_media,140.68
2024-01-17,email,39.38
2024-01-17,referral,14.3
2024-01-18,paid_search,293.05
2024-01-18,social_media,205.62
2024-01-18,email,23.71
2024-01-18,referral,13.21
2024-01-19,paid_search,294.31
2024-01-19,social_media,133.37
2024-01-19,email,21.08
2024-01-19,referral,12.59
2024-01-20,paid_search,224.11
2024-01-20,social_media,139.11
2024-01-20,email,30.85
2024-01-20,referral,19.03
2024-01-21,paid_search,180.52
2024-01-21,social_media,203.73
2024-01-21,email,19.75
2024-01-21,referral,15.67
2024-01-22,paid_search,284.35
2024-01-22,social_media,184.65
2024-01-22,email,24.34
2024-01-22,referral,23.58
2024-01-23,paid_search,239.82
2024-01-23,social_media,142.06
2024-01-23,email,19.24
2024-01-23,referral,23.55
2024-01-24,paid_search,179.27
2024-01-24,social_media,148.44
2024-01-24,email,25.17
2024-01-24,referral,17.74
2024-01-25,paid_search,151.77
2024-01-25,social_media,167.47
2024-01-25,email,16.62
2024-01-25,referral,14.43
2024-01-26,paid_search,265.18
2024-01-26,social_media,168.7
2024-01-26,email,37.31
2024-01-26,referral,11.82
2024-01-27,paid_search,231.98
2024-01-27,social_media,238.83
2024-01-27,email,31.31
2024-01-27,referral,24.91
2024-01-28,paid_search,237.81
2024-01-28,social_media,139.73
2024-01-28,email,25.52
2024-01-28,referral,11.86
2024-01-29,paid_search,226.63
2024-01-29,social_media,235.51
2024-01-29,email,29.35
2024-01-29,referral,14.61
2024-01-30,paid_search,182.22
2024-01-30,social_media,194.63
2024-01-30,email,28.31
2024-01-30,referral,10.3
2024-01-31,paid_search,163.95
2024-01-31,social_media,166.97
2024-01-31,email,16.68
2024-01-31,referral,8.21
2024-02-01,paid_search,163.32
2024-02-01,social_media,197.22
2024-02-01,email,25.64
2024-02-01,referral,13.33
2024-02-02,paid_search,168.51
2024-02-02,social_media,196.6
2024-02-02,email,26.98
2024-02-02,referral,19.66
2024-02-03,paid_search,81.88
2024-02-03,social_media,101.43
2024-02-03,email,30.86
2024-02-03,referral,16.78
2024-02-04,paid_search,271.38
2024-02-04,social_media,139.85
2024-02-04,email,22.57
2024-02-04,referral,10.21
2024-02-05,paid_search,91.57
2024-02-05,social_media,186.28
2024-02-05,email,33.85
2024-02-05,referral,14.37
2024-02-06,paid_search,180.6
2024-02-06,social_media,129.62
2024-02-06,email,31.96
2024-02-06,referral,15.3
2024-02-07,paid_search,226.67
2024-02-07,social_media,115.02
2024-02-07,email,19.27
2024-02-07,referral,17.76
2024-02-08,paid_search,191.05
2024-02-08,social_media,150.68
2024-02-08,email,40.68
2024-02-08,referral,15.26
2024-02-09,paid_search,210.52
2024-02-09,social_media,173.89
2024-02-09,email,20.76
2024-02-09,referral,14.73
2024-02-10,paid_search,326.71
2024-02-10,social_media,198.59
2024-02-10,email,15.03
2024-02-10,referral,13.36
2024-02-11,paid_search,225.73
2024-02-11,social_media,112.22
2024-02-11,email,22.08
2024-02-11,referral,11.4
2024-02-12,paid_search,198.21
2024-02-12,social_media,183.15
2024-02-12,email,29.37
2024-02-12,referral,10.67
2024-02-13,paid_search,215.29
2024-02-13,social_media,165.27
2024-02-13,email,23.62
2024-02-13,referral,11.93
2024-02-14,paid_search,217.39
2024-02-14,social_media,202.22
2024-02-14,email,16.3
2024-02-14,referral,21.48
2024-02-15,paid_search,271.79
2024-02-15,social_media,109.14
2024-02-15,email,34.04
2024-02-15,referral,20.68
2024-02-16,paid_search,192.35
2024-02-16,social_media,189.26
2024-02-16,email,25.57
2024-02-16,referral,9.83
2024-02-17,paid_search,276.48
2024-02-17,social_media,95.36
2024-02-17,email,26.81
2024-02-17,referral,20.88
2024-02-18,paid_search,127.12
2024-02-18,social_media,166.81
2024-02-18,email,32.12
2024-02-18,referral,16.51
2024-02-19,paid_search,265.84
2024-02-19,social_media,149.07
2024-02-19,email,19.12
2024-02-19,referral,14.25
2024-02-20,paid_search,234.59
2024-02-20,social_media,206.99
2024-02-20,email,27.78
2024-02-20,referral,18.67
2024-02-21,paid_search,226.37
2024-02-21,social_media,132.86
2024-02-21,email,16.53
2024-02-21,referral,17.84
2024-02-22,paid_search,275.32
2024-02-22,social_media,268.71
2024-02-22,email,40.15
2024-02-22,referral,18.65
2024-02-23,paid_search,240.16
2024-02-23,social_media,161.08
2024-02-23,email,19.54
2024-02-23,referral,15.25
2024-02-24,paid_search,214.23
2024-02-24,social_media,265.73
2024-02-24,email,28.66
2024-02-24,referral,14.14
2024-02-25,paid_search,171.51
2024-02-25,social_media,204.04
2024-02-25,email,25.86
2024-02-25,referral,13.31
2024-02-26,paid_search,182.24
2024-02-26,social_media,204.71
2024-02-26,email,22.46
2024-02-26,referral,13.79
2024-02-27,paid_search,193.35
2024-02-27,social_media,307.55
2024-02-27,email,25.99
2024-02-27,referral,11.91
2024-02-28,paid_search,78.49
2024-02-28,social_media,106.17
2024-02-28,email,23.17
2024-02-28,referral,21.36
2024-02-29,paid_search,345.78
2024-02-29,social_media,169.28
2024-02-29,email,27.28
2024-02-29,referral,14.38
2024-03-01,paid_search,245.04
2024-03-01,social_media,169.18
2024-03-01,email,21.52
2024-03-01,referral,12.54
2024-03-02,paid_search,259.05
2024-03-02,social_media,238.62
2024-03-02,email,22.19
2024-03-02,referral,17.73
2024-03-03,paid_search,228.62
2024-03-03,social_media,162.79
2024-03-03,email,29.24
2024-03-03,referral,20.05
2024-03-04,paid_search,174.67
2024-03-04,social_media,165.48
2024-03-04,email,34.17
2024-03-04,referral,14.84
2024-03-05,paid_search,176.29
2024-03-05,social_media,187.64
2024-03-05,email,25.05
2024-03-05,referral,18.96
2024-03-06,paid_search,217.6
2024-03-06,social_media,179.54
2024-03-06,email,24.68
2024-03-06,referral,15.63
2024-03-07,paid_search,303.41
2024-03-07,social_media,212.62
2024-03-07,email,18.48
2024-03-07,referral,16.06
2024-03-08,paid_search,239.02
2024-03-08,social_media,196.95
2024-03-08,email,15.75
2024-03-08,referral,15.55
2024-03-09,paid_search,188.77
2024-03-09,social_media,112.62
2024-03-09,email,32.56
2024-03-09,referral,13.94
2024-03-10,paid_search,205.3
2024-03-10,social_media,219.69
2024-03-10,email,31.4
2024-03-10,referral,14.07
2024-03-11,paid_search,221.61
2024-03-11,social_media,134.54
2024-03-11,email,19.11
2024-03-11,referral,19.87
2024-03-12,paid_search,222.5
2024-03-12,social_media,223.65
2024-03-12,email,23.97
2024-03-12,referral,16.58
2024-03-13,paid_search,124.09
2024-03-13,social_media,218.73
2024-03-13,email,24.82
2024-03-13,referral,13.24
2024-03-14,paid_search,254.57
2024-03-14,social_media,224.72
2024-03-14,email,22.46
2024-03-14,referral,10.51
2024-03-15,paid_search,311.61
2024-03-15,social_media,170.3
2024-03-15,email,13.01
2024-03-15,referral,13.42
2024-03-16,paid_search,244.73
2024-03-16,social_media,176.32
2024-03-16,email,24.19
2024-03-16,referral,13.68
2024-03-17,paid_search,196.85
2024-03-17,social_media,122.49
2024-03-17,email,16.89
2024-03-17,referral,16.36
2024-03-18,paid_search,287.67
2024-03-18,social_media,167.59
2024-03-18,email,33.66
2024-03-18,referral,19.12
2024-03-19,paid_search,212.75
2024-03-19,social_media,208.71
2024-03-19,email,28.06
2024-03-19,referral,13.11
2024-03-20,paid_search,101.32
2024-03-20,social_media,186.24
2024-03-20,email,29.38
2024-03-20,referral,12.92
2024-03-21,paid_search,330.39
2024-03-21,social_media,226.46
2024-03-21,email,15.8
2024-03-21,referral,14.27
2024-03-22,paid_search,173.81
2024-03-22,social_media,163.47
2024-03-22,email,29.09
2024-03-22,referral,14.06
2024-03-23,paid_search,188.63
2024-03-23,social_media,184.23
2024-03-23,email,29.75
2024-03-23,referral,17.81
2024-03-24,paid_search,253.84
2024-03-24,social_media,241.66
2024-03-24,email,24.43
2024-03-24,referral,13.65
2024-03-25,paid_search,211.45
2024-03-25,social_media,143.58
2024-03-25,email,19.8
2024-03-25,referral,17.77
2024-03-26,paid_search,265.68
2024-03-26,social_media,60.94
2024-03-26,email,30.88
2024-03-26,referral,13.46
2024-03-27,paid_search,185.22
2024-03-27,social_media,165.29
2024-03-27,email,17.11
2024-03-27,referral,14.37
2024-03-28,paid_search,325.32
2024-03-28,social_media,110.35
2024-03-28,email,28.86
2024-03-28,referral,18.65
2024-03-29,paid_search,252.01
2024-03-29,social_media,249.02
2024-03-29,email,31.14
2024-03-29,referral,17.52
2024-03-30,paid_search,277.09
2024-03-30,social_media,224.63
2024-03-30,email,22.82
2024-03-30,referral,17.37
2024-03-31,paid_search,204.99
2024-03-31,social_media,119.97
2024-03-31,email,36.48
2024-03-31,referral,12.92
2024-04-01,paid_search,280.25
2024-04-01,social_media,204.06
2024-04-01,email,19.4
2024-04-01,referral,12.09
2024-04-02,paid_search,241.85
2024-04-02,social_media,197.98
2024-04-02,email,22.65
2024-04-02,referral,9.07
2024-04-03,paid_search,264.18
2024-04-03,social_media,48.37
2024-04-03,email,27.18
2024-04-03,referral,19.25
2024-04-04,paid_search,118.29
2024-04-04,social_media,187.2
2024-04-04,email,22.6
2024-04-04,referral,15.73
2024-04-05,paid_search,273.78
2024-04-05,social_media,119.41
2024-04-05,email,23.6
2024-04-05,referral,14.38
2024-04-06,paid_search,112.82
2024-04-06,social_media,205.81
2024-04-06,email,35.18
2024-04-06,referral,17.51
2024-04-07,paid_search,227.14
2024-04-07,social_media,219.87
2024-04-07,email,21.28
2024-04-07,referral,11.69
2024-04-08,paid_search,248.25
2024-04-08,social_media,190.3
2024-04-08,email,26.96
2024-04-08,referral,11.78
2024-04-09,paid_search,137.23
2024-04-09,social_media,133.24
2024-04-09,email,19.67
2024-04-09,referral,7.35
2024-04-10,paid_search,246.13
2024-04-10,social_media,121.98
2024-04-10,email,16.6
2024-04-10,referral,14.02
2024-04-11,paid_search,170.17
2024-04-11,social_media,109.0
2024-04-11,email,15.83
2024-04-11,referral,17.01
2024-04-12,paid_search,201.5
2024-04-12,social_media,111.89
2024-04-12,email,34.1
2024-04-12,referral,12.33
2024-04-13,paid_search,249.14
2024-04-13,social_media,175.14
2024-04-13,email,25.61
2024-04-13,referral,15.08
2024-04-14,paid_search,144.17
2024-04-14,social_media,280.98
2024-04-14,email,20.25
2024-04-14,referral,18.1
2024-04-15,paid_search,176.51
2024-04-15,social_media,130.25
2024-04-15,email,33.56
2024-04-15,referral,20.84
2024-04-16,paid_search,244.95
2024-04-16,social_media,216.32
2024-04-16,email,17.16
2024-04-16,referral,17.47
2024-04-17,paid_search,255.7
2024-04-17,social_media,199.73
2024-04-17,email,35.29
2024-04-17,referral,6.45
2024-04-18,paid_search,210.14
2024-04-18,social_media,246.7
2024-04-18,email,18.05
2024-04-18,referral,17.44
2024-04-19,paid_search,193.28
2024-04-19,social_media,183.98
2024-04-19,email,18.39
2024-04-19,referral,23.49
2024-04-20,paid_search,156.91
2024-04-20,social_media,174.14
2024-04-20,email,23.38
2024-04-20,referral,19.03
2024-04-21,paid_search,223.83
2024-04-21,social_media,109.05
2024-04-21,email,20.98
2024-04-21,referral,6.89
2024-04-22,paid_search,224.0
2024-04-22,social_media,260.15
2024-04-22,email,23.75
2024-04-22,referral,16.28
2024-04-23,paid_search,280.62
2024-04-23,social_media,148.92
2024-04-23,email,31.87
2024-04-23,referral,22.17
2024-04-24,paid_search,122.4
2024-04-24,social_media,231.16
2024-04-24,email,15.73
2024-04-24,referral,12.09
2024-04-25,paid_search,282.23
2024-04-25,social_media,194.5
2024-04-25,email,22.13
2024-04-25,referral,23.38
2024-04-26,paid_search,201.86
2024-04-26,social_media,229.34
2024-04-26,email,23.09
2024-04-26,referral,16.72
2024-04-27,paid_search,247.06
2024-04-27,social_media,183.62
2024-04-27,email,16.13
2024-04-27,referral,16.04
2024-04-28,paid_search,188.13
2024-04-28,social_media,159.4
2024-04-28,email,28.71
2024-04-28,referral,16.97
2024-04-29,paid_search,178.43
2024-04-29,social_media,189.79
2024-04-29,email,25.13
2024-04-29,referral,11.77
2024-04-30,paid_search,175.99
2024-04-30,social_media,144.71
2024-04-30,email,24.93
2024-04-30,referral,13.86
2024-05-01,paid_search,231.51
2024-05-01,social_media,140.42
2024-05-01,email,23.92
2024-05-01,referral,14.63
2024-05-02,paid_search,237.95
2024-05-02,social_media,246.14
2024-05-02,email,31.71
2024-05-02,referral,14.72
2024-05-03,paid_search,132.29
2024-05-03,social_media,156.92
2024-05-03,email,30.76
2024-05-03,referral,14.79
2024-05-04,paid_search,150.83
2024-05-04,social_media,170.75
2024-05-04,email,22.06
2024-05-04,referral,19.73
2024-05-05,paid_search,187.97
2024-05-05,social_media,198.64
2024-05-05,email,29.3
2024-05-05,referral,10.36
2024-05-06,paid_search,179.04
2024-05-06,social_media,160.79
2024-05-06,email,25.86
2024-05-06,referral,12.77
2024-05-07,paid_search,144.34
2024-05-07,social_media,134.68
2024-05-07,email,30.88
2024-05-07,referral,22.77
2024-05-08,paid_search,236.8
2024-05-08,social_media,228.54
2024-05-08,email,27.21
2024-05-08,referral,17.62
2024-05-09,paid_search,260.74
2024-05-09,social_media,210.5
2024-05-09,email,27.22
2024-05-09,referral,15.53
2024-05-10,paid_search,197.68
2024-05-10,social_media,203.65
2024-05-10,email,26.94
2024-05-10,referral,11.6
2024-05-11,paid_search,285.37
2024-05-11,social_media,224.62
2024-05-11,email,26.21
2024-05-11,referral,19.42
2024-05-12,paid_search,260.01
2024-05-12,social_media,160.19
2024-05-12,email,13.66
2024-05-12,referral,8.07
2024-05-13,paid_search,289.43
2024-05-13,social_media,178.73
2024-05-13,email,22.69
2024-05-13,referral,12.53
2024-05-14,paid_search,223.5
2024-05-14,social_media,221.16
2024-05-14,email,19.92
2024-05-14,referral,15.35
2024-05-15,paid_search,366.19
2024-05-15,social_media,261.67
2024-05-15,email,11.05
2024-05-15,referral,8.19
2024-05-16,paid_search,319.33
2024-05-16,social_media,220.32
2024-05-16,email,25.32
2024-05-16,referral,16.98
2024-05-17,paid_search,202.6
2024-05-17,social_media,150.04
2024-05-17,email,29.56
2024-05-17,referral,14.64
2024-05-18,paid_search,267.55
2024-05-18,social_media,155.31
2024-05-18,email,29.46
2024-05-18,referral,16.17
2024-05-19,paid_search,146.6
2024-05-19,social_media,246.34
2024-05-19,email,16.2
2024-05-19,referral,19.99
2024-05-20,paid_search,245.02
2024-05-20,social_media,208.83
2024-05-20,email,21.92
2024-05-20,referral,13.62
2024-05-21,paid_search,220.21
2024-05-21,social_media,122.0
2024-05-21,email,28.6
2024-05-21,referral,13.66
2024-05-22,paid_search,103.41
2024-05-22,social_media,264.93
2024-05-22,email,26.66
2024-05-22,referral,16.22
2024-05-23,paid_search,181.99
2024-05-23,social_media,194.96
2024-05-23,email,29.6
2024-05-23,referral,9.55
2024-05-24,paid_search,253.2
2024-05-24,social_media,132.33
2024-05-24,email,16.96
2024-05-24,referral,11.7
2024-05-25,paid_search,335.53
2024-05-25,social_media,215.25
2024-05-25,email,24.89
2024-05-25,referral,21.38
2024-05-26,paid_search,169.26
2024-05-26,social_media,133.8
2024-05-26,email,19.27
2024-05-26,referral,22.04
2024-05-27,paid_search,267.77
2024-05-27,social_media,143.29
2024-05-27,email,20.68
2024-05-27,referral,16.06
2024-05-28,paid_search,157.65
2024-05-28,social_media,171.99
2024-05-28,email,18.79
2024-05-28,referral,14.74
2024-05-29,paid_search,264.86
2024-05-29,social_media,258.43
2024-05-29,email,15.22
2024-05-29,referral,17.25
2024-05-30,paid_search,257.28
2024-05-30,social_media,169.57
2024-05-30,email,21.3
2024-05-30,referral,12.77
2024-05-31,paid_search,118.08
2024-05-31,social_media,215.05
2024-05-31,email,20.22
2024-05-31,referral,8.74
2024-06-01,paid_search,237.76
2024-06-01,social_media,194.11
2024-06-01,email,30.29
2024-06-01,referral,21.82
2024-06-02,paid_search,222.21
2024-06-02,social_media,166.53
2024-06-02,email,22.56
2024-06-02,referral,13.9
2024-06-03,paid_search,179.42
2024-06-03,social_media,160.47
2024-06-03,email,20.49
2024-06-03,referral,11.1
2024-06-04,paid_search,315.52
2024-06-04,social_media,242.35
2024-06-04,email,13.36
2024-06-04,referral,16.19
2024-06-05,paid_search,216.43
2024-06-05,social_media,186.52
2024-06-05,email,15.93
2024-06-05,referral,8.07
2024-06-06,paid_search,216.97
2024-06-06,social_media,163.36
2024-06-06,email,21.57
2024-06-06,referral,14.22
2024-06-07,paid_search,252.98
2024-06-07,social_media,219.66
2024-06-07,email,18.87
2024-06-07,referral,11.67
2024-06-08,paid_search,228.25
2024-06-08,social_media,235.03
2024-06-08,email,23.66
2024-06-08,referral,15.54
2024-06-09,paid_search,145.01
2024-06-09,social_media,81.2
2024-06-09,email,39.46
2024-06-09,referral,16.04
2024-06-10,paid_search,164.0
2024-06-10,social_media,83.59
2024-06-10,email,34.04
2024-06-10,referral,11.46
2024-06-11,paid_search,168.01
2024-06-11,social_media,147.75
2024-06-11,email,25.86
2024-06-11,referral,17.39
2024-06-12,paid_search,203.52
2024-06-12,social_media,132.82
2024-06-12,email,39.36
2024-06-12,referral,13.16
2024-06-13,paid_search,220.59
2024-06-13,social_media,112.46
2024-06-13,email,28.62
2024-06-13,referral,19.09
2024-06-14,paid_search,172.69
2024-06-14,social_media,97.18
2024-06-14,email,22.61
2024-06-14,referral,22.11
2024-06-15,paid_search,184.77
2024-06-15,social_media,293.97
2024-06-15,email,21.5
2024-06-15,referral,8.16
2024-06-16,paid_search,191.95
2024-06-16,social_media,95.81
2024-06-16,email,20.51
2024-06-16,referral,16.43
2024-06-17,paid_search,194.43
2024-06-17,social_media,229.55
2024-06-17,email,21.65
2024-06-17,referral,9.41
2024-06-18,paid_search,228.13
2024-06-18,social_media,173.32
2024-06-18,email,24.85
2024-06-18,referral,10.22
2024-06-19,paid_search,234.73
2024-06-19,social_media,242.5
2024-06-19,email,16.79
2024-06-19,referral,7.84
2024-06-20,paid_search,135.07
2024-06-20,social_media,178.71
2024-06-20,email,14.95
2024-06-20,referral,16.22
2024-06-21,paid_search,239.61
2024-06-21,social_media,196.53
2024-06-21,email,41.18
2024-06-21,referral,8.0
2024-06-22,paid_search,126.1
2024-06-22,social_media,237.54
2024-06-22,email,28.33
2024-06-22,referral,19.3
2024-06-23,paid_search,107.74
2024-06-23,social_media,118.81
2024-06-23,email,31.12
2024-06-23,referral,14.37
2024-06-24,paid_search,292.28
2024-06-24,social_media,161.24
2024-06-24,email,23.67
2024-06-24,referral,23.59
2024-06-25,paid_search,162.77
2024-06-25,social_media,213.33
2024-06-25,email,15.2
2024-06-25,referral,11.75
2024-06-26,paid_search,260.56
2024-06-26,social_media,116.34
2024-06-26,email,30.48
2024-06-26,referral,14.17
2024-06-27,paid_search,166.36
2024-06-27,social_media,175.18
2024-06-27,email,21.34
2024-06-27,referral,12.33
2024-06-28,paid_search,192.79
2024-06-28,social_media,117.33
2024-06-28,email,13.98
2024-06-28,referral,7.03
2024-06-29,paid_search,247.69
2024-06-29,social_media,199.45
2024-06-29,email,20.04
2024-06-29,referral,14.51
2024-06-30,paid_search,296.19
2024-06-30,social_media,151.82
2024-06-30,email,23.33
2024-06-30,referral,22.27
2024-07-01,paid_search,241.34
2024-07-01,social_media,220.74
2024-07-01,email,29.44
2024-07-01,referral,16.9
2024-07-02,paid_search,180.1
2024-07-02,social_media,136.2
2024-07-02,email,29.21
2024-07-02,referral,16.96
2024-07-03,paid_search,232.76
2024-07-03,social_media,193.13
2024-07-03,email,20.17
2024-07-03,referral,10.58
2024-07-04,paid_search,179.68
2024-07-04,social_media,168.72
2024-07-04,email,21.28
2024-07-04,referral,20.88
2024-07-05,paid_search,301.16
2024-07-05,social_media,218.36
2024-07-05,email,32.63
2024-07-05,referral,10.15
2024-07-06,paid_search,259.48
2024-07-06,social_media,178.4
2024-07-06,email,22.12
2024-07-06,referral,13.94
2024-07-07,paid_search,205.13
2024-07-07,social_media,162.94
2024-07-07,email,21.15
2024-07-07,referral,9.97
2024-07-08,paid_search,133.53
2024-07-08,social_media,198.08
2024-07-08,email,7.44
2024-07-08,referral,22.3
2024-07-09,paid_search,185.81
2024-07-09,social_media,99.01
2024-07-09,email,28.26
2024-07-09,referral,14.49
2024-07-10,paid_search,167.87
2024-07-10,social_media,154.16
2024-07-10,email,24.44
2024-07-10,referral,19.07
2024-07-11,paid_search,74.53
2024-07-11,social_media,194.33
2024-07-11,email,35.29
2024-07-11,referral,11.94
2024-07-12,paid_search,261.15
2024-07-12,social_media,210.21
2024-07-12,email,36.76
2024-07-12,referral,15.88
2024-07-13,paid_search,258.69
2024-07-13,social_media,227.94
2024-07-13,email,28.86
2024-07-13,referral,11.65
2024-07-14,paid_search,179.93
2024-07-14,social_media,192.03
2024-07-14,email,30.42
2024-07-14,referral,16.27
2024-07-15,paid_search,163.01
2024-07-15,social_media,168.96
2024-07-15,email,16.33
2024-07-15,referral,17.2
2024-07-16,paid_search,328.87
2024-07-16,social_media,203.71
2024-07-16,email,12.78
2024-07-16,referral,15.39
2024-07-17,paid_search,219.2
2024-07-17,social_media,156.13
2024-07-17,email,12.22
2024-07-17,referral,16.79
2024-07-18,paid_search,272.12
2024-07-18,social_media,140.22
2024-07-18,email,19.41
2024-07-18,referral,13.81
2024-07-19,paid_search,315.85
2024-07-19,social_media,167.25
2024-07-19,email,20.21
2024-07-19,referral,13.5
2024-07-20,paid_search,251.84
2024-07-20,social_media,88.96
2024-07-20,email,23.55
2024-07-20,referral,13.7
2024-07-21,paid_search,214.05
2024-07-21,social_media,148.7
2024-07-21,email,16.68
2024-07-21,referral,18.5
2024-07-22,paid_search,118.89
2024-07-22,social_media,250.41
2024-07-22,email,27.17
2024-07-22,referral,17.55
2024-07-23,paid_search,223.47
2024-07-23,social_media,233.02
2024-07-23,email,28.35
2024-07-23,referral,19.89
2024-07-24,paid_search,266.53
2024-07-24,social_media,230.3
2024-07-24,email,20.53
2024-07-24,referral,13.57
2024-07-25,paid_search,220.89
2024-07-25,social_media,180.16
2024-07-25,email,28.6
2024-07-25,referral,12.19
2024-07-26,paid_search,219.66
2024-07-26,social_media,208.22
2024-07-26,email,13.03
2024-07-26,referral,18.96
2024-07-27,paid_search,332.47
2024-07-27,social_media,138.81
2024-07-27,email,34.25
2024-07-27,referral,15.85
2024-07-28,paid_search,171.3
2024-07-28,social_media,217.25
2024-07-28,email,37.12
2024-07-28,referral,13.49
2024-07-29,paid_search,161.35
2024-07-29,social_media,79.44
2024-07-29,email,24.1
2024-07-29,referral,15.61
2024-07-30,paid_search,319.78
2024-07-30,social_media,263.72
2024-07-30,email,20.86
2024-07-30,referral,18.03
2024-07-31,paid_search,156.7
2024-07-31,social_media,183.28
2024-07-31,email,24.19
2024-07-31,referral,11.71
2024-08-01,paid_search,213.38
2024-08-01,social_media,217.94
2024-08-01,email,31.85
2024-08-01,referral,14.46
2024-08-02,paid_search,215.21
2024-08-02,social_media,97.23
2024-08-02,email,26.71
2024-08-02,referral,14.0
2024-08-03,paid_search,215.03
2024-08-03,social_media,158.34
2024-08-03,email,19.07
2024-08-03,referral,11.72
2024-08-04,paid_search,182.78
2024-08-04,social_media,120.3
2024-08-04,email,26.82
2024-08-04,referral,17.1
2024-08-05,paid_search,212.42
2024-08-05,social_media,187.95
2024-08-05,email,23.57
2024-08-05,referral,19.28
2024-08-06,paid_search,222.97
2024-08-06,social_media,192.49
2024-08-06,email,30.02
2024-08-06,referral,14.91
2024-08-07,paid_search,296.62
2024-08-07,social_media,150.09
2024-08-07,email,35.79
2024-08-07,referral,14.26
2024-08-08,paid_search,184.11
2024-08-08,social_media,109.4
2024-08-08,email,30.45
2024-08-08,referral,13.63
2024-08-09,paid_search,227.9
2024-08-09,social_media,191.76
2024-08-09,email,21.95
2024-08-09,referral,19.03
2024-08-10,paid_search,245.02
2024-08-10,social_media,141.67
2024-08-10,email,16.6
2024-08-10,referral,17.93
2024-08-11,paid_search,206.74
2024-08-11,social_media,211.41
2024-08-11,email,23.44
2024-08-11,referral,15.8
2024-08-12,paid_search,264.3
2024-08-12,social_media,112.45
2024-08-12,email,35.54
2024-08-12,referral,16.41
2024-08-13,paid_search,107.58
2024-08-13,social_media,240.67
2024-08-13,email,31.18
2024-08-13,referral,14.29
2024-08-14,paid_search,296.77
2024-08-14,social_media,151.25
2024-08-14,email,24.19
2024-08-14,referral,23.79
2024-08-15,paid_search,248.65
2024-08-15,social_media,228.78
2024-08-15,email,30.11
2024-08-15,referral,9.8
2024-08-16,paid_search,236.45
2024-08-16,social_media,189.32
2024-08-16,email,32.41
2024-08-16,referral,20.63
2024-08-17,paid_search,290.94
2024-08-17,social_media,158.71
2024-08-17,email,16.02
2024-08-17,referral,16.87
2024-08-18,paid_search,215.12
2024-08-18,social_media,132.67
2024-08-18,email,20.65
2024-08-18,referral,14.78
2024-08-19,paid_search,234.2
2024-08-19,social_media,154.98
2024-08-19,email,24.9
2024-08-19,referral,14.73
2024-08-20,paid_search,235.12
2024-08-20,social_media,136.09
2024-08-20,email,20.64
2024-08-20,referral,20.06
2024-08-21,paid_search,205.75
2024-08-21,social_media,201.44
2024-08-21,email,17.39
2024-08-21,referral,19.45
2024-08-22,paid_search,283.34
2024-08-22,social_media,193.45
2024-08-22,email,21.16
2024-08-22,referral,9.61
2024-08-23,paid_search,345.09
2024-08-23,social_media,161.75
2024-08-23,email,16.04
2024-08-23,referral,12.76
2024-08-24,paid_search,241.96
2024-08-24,social_media,123.87
2024-08-24,email,21.31
2024-08-24,referral,9.6
2024-08-25,paid_search,299.38
2024-08-25,social_media,176.27
2024-08-25,email,15.92
2024-08-25,referral,11.62
2024-08-26,paid_search,184.52
2024-08-26,social_media,181.04
2024-08-26,email,19.3
2024-08-26,referral,13.63
2024-08-27,paid_search,184.95
2024-08-27,social_media,115.35
2024-08-27,email,19.28
2024-08-27,referral,12.11
2024-08-28,paid_search,152.94
2024-08-28,social_media,115.04
2024-08-28,email,21.28
2024-08-28,referral,18.24
2024-08-29,paid_search,211.86
2024-08-29,social_media,36.76
2024-08-29,email,31.31
2024-08-29,referral,12.4
2024-08-30,paid_search,299.09
2024-08-30,social_media,216.3
2024-08-30,email,23.08
2024-08-30,referral,14.27
2024-08-31,paid_search,157.25
2024-08-31,social_media,209.32
2024-08-31,email,35.1
2024-08-31,referral,12.27
2024-09-01,paid_search,186.84
2024-09-01,social_media,268.81
2024-09-01,email,25.54
2024-09-01,referral,9.28
2024-09-02,paid_search,144.99
2024-09-02,social_media,256.69
2024-09-02,email,27.96
2024-09-02,referral,11.06
2024-09-03,paid_search,238.55
2024-09-03,social_media,142.55
2024-09-03,email,13.0
2024-09-03,referral,13.7
2024-09-04,paid_search,219.52
2024-09-04,social_media,109.48
2024-09-04,email,17.14
2024-09-04,referral,11.24
2024-09-05,paid_search,208.76
2024-09-05,social_media,185.79
2024-09-05,email,15.98
2024-09-05,referral,12.82
2024-09-06,paid_search,194.11
2024-09-06,social_media,101.81
2024-09-06,email,26.41
2024-09-06,referral,17.24
2024-09-07,paid_search,237.16
2024-09-07,social_media,120.53
2024-09-07,email,28.74
2024-09-07,referral,14.62
2024-09-08,paid_search,274.04
2024-09-08,social_media,201.52
2024-09-08,email,26.95
2024-09-08,referral,13.94
2024-09-09,paid_search,272.59
2024-09-09,social_media,128.54
2024-09-09,email,17.1
2024-09-09,referral,25.28
2024-09-10,paid_search,113.16
2024-09-10,social_media,126.39
2024-09-10,email,30.02
2024-09-10,referral,8.9
2024-09-11,paid_search,260.51
2024-09-11,social_media,235.21
2024-09-11,email,33.41
2024-09-11,referral,15.25
2024-09-12,paid_search,155.49
2024-09-12,social_media,138.85
2024-09-12,email,32.91
2024-09-12,referral,8.0
2024-09-13,paid_search,265.28
2024-09-13,social_media,107.64
2024-09-13,email,24.41
2024-09-13,referral,12.66
2024-09-14,paid_search,195.63
2024-09-14,social_media,240.37
2024-09-14,email,21.63
2024-09-14,referral,18.91
2024-09-15,paid_search,180.42
2024-09-15,social_media,191.8
2024-09-15,email,24.2
2024-09-15,referral,9.85
2024-09-16,paid_search,145.73
2024-09-16,social_media,168.18
2024-09-16,email,22.54
2024-09-16,referral,17.54
2024-09-17,paid_search,117.97
2024-09-17,social_media,142.71
2024-09-17,email,27.69
2024-09-17,referral,14.07
2024-09-18,paid_search,139.99
2024-09-18,social_media,196.2
2024-09-18,email,30.3
2024-09-18,referral,11.26
2024-09-19,paid_search,273.17
2024-09-19,social_media,153.17
2024-09-19,email,22.77
2024-09-19,referral,13.0
2024-09-20,paid_search,275.78
2024-09-20,social_media,172.66
2024-09-20,email,29.83
2024-09-20,referral,13.18
2024-09-21,paid_search,239.76
2024-09-21,social_media,131.06
2024-09-21,email,31.26
2024-09-21,referral,13.85
2024-09-22,paid_search,288.71
2024-09-22,social_media,177.65
2024-09-22,email,25.6
2024-09-22,referral,23.57
2024-09-23,paid_search,261.0
2024-09-23,social_media,188.75
2024-09-23,email,17.38
2024-09-23,referral,12.17
2024-09-24,paid_search,263.2
2024-09-24,social_media,165.04
2024-09-24,email,23.71
2024-09-24,referral,10.94
2024-09-25,paid_search,242.28
2024-09-25,social_media,184.69
2024-09-25,email,29.46
2024-09-25,referral,19.64
2024-09-26,paid_search,244.68
2024-09-26,social_media,127.22
2024-09-26,email,15.55
2024-09-26,referral,17.74
2024-09-27,paid_search,226.61
2024-09-27,social_media,258.81
2024-09-27,email,25.16
2024-09-27,referral,8.52
2024-09-28,paid_search,150.38
2024-09-28,social_media,146.24
2024-09-28,email,35.88
2024-09-28,referral,19.38
2024-09-29,paid_search,190.52
2024-09-29,social_media,171.28
2024-09-29,email,16.48
2024-09-29,referral,9.76
2024-09-30,paid_search,281.54
2024-09-30,social_media,222.34
2024-09-30,email,23.27
2024-09-30,referral,21.91
2024-10-01,paid_search,243.89
2024-10-01,social_media,189.53
2024-10-01,email,26.36
2024-10-01,referral,11.02
2024-10-02,paid_search,271.94
2024-10-02,social_media,222.84
2024-10-02,email,26.5
2024-10-02,referral,10.81
2024-10-03,paid_search,279.91
2024-10-03,social_media,98.99
2024-10-03,email,20.16
2024-10-03,referral,17.18
2024-10-04,paid_search,197.54
2024-10-04,social_media,135.46
2024-10-04,email,33.65
2024-10-04,referral,19.25
2024-10-05,paid_search,278.65
2024-10-05,social_media,194.94
2024-10-05,email,25.22
2024-10-05,referral,21.52
2024-10-06,paid_search,298.94
2024-10-06,social_media,176.21
2024-10-06,email,41.95
2024-10-06,referral,14.53
2024-10-07,paid_search,241.2
2024-10-07,social_media,242.57
2024-10-07,email,27.32
2024-10-07,referral,14.01
2024-10-08,paid_search,240.99
2024-10-08,social_media,179.76
2024-10-08,email,11.68
2024-10-08,referral,18.76
2024-10-09,paid_search,185.77
2024-10-09,social_media,128.22
2024-10-09,email,32.53
2024-10-09,referral,16.42
2024-10-10,paid_search,257.38
2024-10-10,social_media,174.32
2024-10-10,email,26.4
2024-10-10,referral,13.87
2024-10-11,paid_search,172.62
2024-10-11,social_media,210.84
2024-10-11,email,26.49
2024-10-11,referral,21.46
2024-10-12,paid_search,97.04
2024-10-12,social_media,233.05
2024-10-12,email,22.58
2024-10-12,referral,13.19
2024-10-13,paid_search,252.15
2024-10-13,social_media,140.03
2024-10-13,email,22.19
2024-10-13,referral,17.23
2024-10-14,paid_search,190.57
2024-10-14,social_media,148.24
2024-10-14,email,20.58
2024-10-14,referral,16.32
2024-10-15,paid_search,153.75
2024-10-15,social_media,214.01
2024-10-15,email,38.22
2024-10-15,referral,15.01
2024-10-16,paid_search,243.94
2024-10-16,social_media,191.91
2024-10-16,email,19.16
2024-10-16,referral,16.19
2024-10-17,paid_search,232.23
2024-10-17,social_media,259.74
2024-10-17,email,26.55
2024-10-17,referral,19.66
2024-10-18,paid_search,243.6
2024-10-18,social_media,157.09
2024-10-18,email,17.59
2024-10-18,referral,16.16
2024-10-19,paid_search,261.82
2024-10-19,social_media,175.99
2024-10-19,email,21.04
2024-10-19,referral,20.28
2024-10-20,paid_search,195.72
2024-10-20,social_media,128.17
2024-10-20,email,24.59
2024-10-20,referral,15.29
2024-10-21,paid_search,179.55
2024-10-21,social_media,175.88
2024-10-21,email,14.41
2024-10-21,referral,16.59
2024-10-22,paid_search,162.26
2024-10-22,social_media,162.82
2024-10-22,email,20.77
2024-10-22,referral,20.26
2024-10-23,paid_search,203.31
2024-10-23,social_media,142.05
2024-10-23,email,38.07
2024-10-23,referral,21.73
2024-10-24,paid_search,266.0
2024-10-24,social_media,205.29
2024-10-24,email,19.59
2024-10-24,referral,19.08
2024-10-25,paid_search,240.06
2024-10-25,social_media,151.34
2024-10-25,email,25.88
2024-10-25,referral,13.26
2024-10-26,paid_search,136.27
2024-10-26,social_media,241.44
2024-10-26,email,13.66
2024-10-26,referral,23.09
2024-10-27,paid_search,208.24
2024-10-27,social_media,200.34
2024-10-27,email,28.34
2024-10-27,referral,11.29
2024-10-28,paid_search,208.43
2024-10-28,social_media,175.44
2024-10-28,email,21.23
2024-10-28,referral,18.89
2024-10-29,paid_search,153.47
2024-10-29,social_media,188.94
2024-10-29,email,14.31
2024-10-29,referral,15.9
2024-10-30,paid_search,229.33
2024-10-30,social_media,265.85
2024-10-30,email,21.16
2024-10-30,referral,14.36
2024-10-31,paid_search,206.8
2024-10-31,social_media,255.66
2024-10-31,email,21.4
2024-10-31,referral,15.84
2024-11-01,paid_search,203.86
2024-11-01,social_media,173.17
2024-11-01,email,25.07
2024-11-01,referral,19.12
2024-11-02,paid_search,299.96
2024-11-02,social_media,117.54
2024-11-02,email,29.88
2024-11-02,referral,19.71
2024-11-03,paid_search,238.7
2024-11-03,social_media,233.29
2024-11-03,email,17.19
2024-11-03,referral,16.91
2024-11-04,paid_search,288.67
2024-11-04,social_media,151.64
2024-11-04,email,16.95
2024-11-04,referral,19.28
2024-11-05,paid_search,196.75
2024-11-05,social_media,153.98
2024-11-05,email,13.25
2024-11-05,referral,13.07
2024-11-06,paid_search,181.58
2024-11-06,social_media,98.88
2024-11-06,email,21.34
2024-11-06,referral,19.44
2024-11-07,paid_search,238.82
2024-11-07,social_media,106.33
2024-11-07,email,27.44
2024-11-07,referral,17.73
2024-11-08,paid_search,225.72
2024-11-08,social_media,178.42
2024-11-08,email,20.04
2024-11-08,referral,16.57
2024-11-09,paid_search,252.18
2024-11-09,social_media,192.62
2024-11-09,email,35.91
2024-11-09,referral,14.23
2024-11-10,paid_search,148.31
2024-11-10,social_media,255.34
2024-11-10,email,13.19
2024-11-10,referral,13.5
2024-11-11,paid_search,169.35
2024-11-11,social_media,175.41
2024-11-11,email,24.15
2024-11-11,referral,11.41
2024-11-12,paid_search,278.71
2024-11-12,social_media,173.94
2024-11-12,email,32.62
2024-11-12,referral,10.62
2024-11-13,paid_search,160.62
2024-11-13,social_media,130.21
2024-11-13,email,28.24
2024-11-13,referral,21.55
2024-11-14,paid_search,203.29
2024-11-14,social_media,75.89
2024-11-14,email,27.97
2024-11-14,referral,17.49
2024-11-15,paid_search,163.13
2024-11-15,social_media,205.45
2024-11-15,email,30.07
2024-11-15,referral,7.32
2024-11-16,paid_search,281.39
2024-11-16,social_media,233.04
2024-11-16,email,23.07
2024-11-16,referral,17.42
2024-11-17,paid_search,328.7
2024-11-17,social_media,150.42
2024-11-17,email,32.25
2024-11-17,referral,15.92
2024-11-18,paid_search,157.31
2024-11-18,social_media,98.07
2024-11-18,email,29.51
2024-11-18,referral,10.1
2024-11-19,paid_search,273.24
2024-11-19,social_media,81.7
2024-11-19,email,25.93
2024-11-19,referral,13.8
2024-11-20,paid_search,312.23
2024-11-20,social_media,190.16
2024-11-20,email,28.83
2024-11-20,referral,13.38
2024-11-21,paid_search,210.18
2024-11-21,social_media,227.36
2024-11-21,email,25.1
2024-11-21,referral,11.55
2024-11-22,paid_search,282.72
2024-11-22,social_media,255.86
2024-11-22,email,34.39
2024-11-22,referral,19.84
2024-11-23,paid_search,204.45
2024-11-23,social_media,135.84
2024-11-23,email,17.58
2024-11-23,referral,10.1
2024-11-24,paid_search,214.86
2024-11-24,social_media,259.71
2024-11-24,email,14.66
2024-11-24,referral,15.06
2024-11-25,paid_search,202.39
2024-11-25,social_media,127.1
2024-11-25,email,23.42
2024-11-25,referral,19.84
2024-11-26,paid_search,232.5
2024-11-26,social_media,208.22
2024-11-26,email,31.68
2024-11-26,referral,16.45
2024-11-27,paid_search,199.74
2024-11-27,social_media,184.52
2024-11-27,email,18.29
2024-11-27,referral,15.21
2024-11-28,paid_search,226.71
2024-11-28,social_media,239.27
2024-11-28,email,22.97
2024-11-28,referral,13.78
2024-11-29,paid_search,136.64
2024-11-29,social_media,209.18
2024-11-29,email,15.82
2024-11-29,referral,13.13
2024-11-30,paid_search,180.94
2024-11-30,social_media,220.08
2024-11-30,email,28.05
2024-11-30,referral,17.65
2024-12-01,paid_search,272.01
2024-12-01,social_media,151.22
2024-12-01,email,19.58
2024-12-01,referral,8.69
2024-12-02,paid_search,227.02
2024-12-02,social_media,144.79
2024-12-02,email,27.82
2024-12-02,referral,19.35
2024-12-03,paid_search,271.16
2024-12-03,social_media,185.44
2024-12-03,email,25.49
2024-12-03,referral,14.97
2024-12-04,paid_search,336.87
2024-12-04,social_media,153.79
2024-12-04,email,25.5
2024-12-04,referral,14.32
2024-12-05,paid_search,176.93
2024-12-05,social_media,162.91
2024-12-05,email,25.17
2024-12-05,referral,10.56
2024-12-06,paid_search,310.67
2024-12-06,social_media,212.68
2024-12-06,email,31.82
2024-12-06,referral,14.4
2024-12-07,paid_search,202.78
2024-12-07,social_media,170.37
2024-12-07,email,20.65
2024-12-07,referral,19.87
2024-12-08,paid_search,296.82
2024-12-08,social_media,204.74
2024-12-08,email,35.61
2024-12-08,referral,23.99
2024-12-09,paid_search,321.57
2024-12-09,social_media,158.89
2024-12-09,email,9.88
2024-12-09,referral,17.79
2024-12-10,paid_search,243.48
2024-12-10,social_media,184.9
2024-12-10,email,23.55
2024-12-10,referral,20.07
2024-12-11,paid_search,134.95
2024-12-11,social_media,248.94
2024-12-11,email,35.84
2024-12-11,referral,15.56
2024-12-12,paid_search,235.63
2024-12-12,social_media,126.64
2024-12-12,email,31.28
2024-12-12,referral,19.77
2024-12-13,paid_search,262.04
2024-12-13,social_media,124.22
2024-12-13,email,14.94
2024-12-13,referral,14.1
2024-12-14,paid_search,224.36
2024-12-14,social_media,225.68
2024-12-14,email,23.5
2024-12-14,referral,18.98
2024-12-15,paid_search,282.1
2024-12-15,social_media,201.31
2024-12-15,email,30.43
2024-12-15,referral,13.44
2024-12-16,paid_search,157.21
2024-12-16,social_media,154.4
2024-12-16,email,19.8
2024-12-16,referral,19.54
2024-12-17,paid_search,267.44
2024-12-17,social_media,88.63
2024-12-17,email,26.12
2024-12-17,referral,8.3
2024-12-18,paid_search,160.38
2024-12-18,social_media,217.44
2024-12-18,email,14.22
2024-12-18,referral,9.88
2024-12-19,paid_search,163.67
2024-12-19,social_media,108.68
2024-12-19,email,16.12
2024-12-19,referral,14.79
2024-12-20,paid_search,127.34
2024-12-20,social_media,168.79
2024-12-20,email,25.06
2024-12-20,referral,17.82
2024-12-21,paid_search,271.11
2024-12-21,social_media,118.07
2024-12-21,email,16.73
2024-12-21,referral,9.83
2024-12-22,paid_search,263.5
2024-12-22,social_media,195.55
2024-12-22,email,22.79
2024-12-22,referral,10.53
2024-12-23,paid_search,228.54
2024-12-23,social_media,241.6
2024-12-23,email,33.15
2024-12-23,referral,9.48
2024-12-24,paid_search,278.91
2024-12-24,social_media,113.11
2024-12-24,email,22.49
2024-12-24,referral,13.05
2024-12-25,paid_search,234.65
2024-12-25,social_media,134.89
2024-12-25,email,25.64
2024-12-25,referral,10.95
2024-12-26,paid_search,229.46
2024-12-26,social_media,120.72
2024-12-26,email,22.51
2024-12-26,referral,15.01
2024-12-27,paid_search,206.24
2024-12-27,social_media,218.02
2024-12-27,email,10.88
2024-12-27,referral,15.65
2024-12-28,paid_search,174.34
2024-12-28,social_media,206.59
2024-12-28,email,25.19
2024-12-28,referral,19.08
2024-12-29,paid_search,207.19
2024-12-29,social_media,235.54
2024-12-29,email,25.98
2024-12-29,referral,10.15
2024-12-30,paid_search,175.26
2024-12-30,social_media,153.6
2024-12-30,email,25.72
2024-12-30,referral,18.37
2024-12-31,paid_search,253.59
2024-12-31,social_media,209.91
2024-12-31,email,20.33
2024-12-31,referral,18.31
2025-01-01,paid_search,225.72
2025-01-01,social_media,215.76
2025-01-01,email,15.77
2025-01-01,referral,16.7
2025-01-02,paid_search,186.4
2025-01-02,social_media,123.06
2025-01-02,email,29.04
2025-01-02,referral,13.39
2025-01-03,paid_search,249.17
2025-01-03,social_media,135.98
2025-01-03,email,37.7
2025-01-03,referral,14.55
2025-01-04,paid_search,194.19
2025-01-04,social_media,224.55
2025-01-04,email,24.46
2025-01-04,referral,26.87
2025-01-05,paid_search,284.08
2025-01-05,social_media,158.7
2025-01-05,email,25.46
2025-01-05,referral,15.25
2025-01-06,paid_search,161.96
2025-01-06,social_media,237.76
2025-01-06,email,22.32
2025-01-06,referral,14.07
2025-01-07,paid_search,232.02
2025-01-07,social_media,138.8
2025-01-07,email,26.32
2025-01-07,referral,13.11
2025-01-08,paid_search,193.79
2025-01-08,social_media,172.7
2025-01-08,email,20.41
2025-01-08,referral,9.13
2025-01-09,paid_search,229.56
2025-01-09,social_media,76.97
2025-01-09,email,10.92
2025-01-09,referral,15.17
2025-01-10,paid_search,210.0
2025-01-10,social_media,191.67
2025-01-10,email,29.15
2025-01-10,referral,7.59
2025-01-11,paid_search,186.19
2025-01-11,social_media,159.85
2025-01-11,email,26.95
2025-01-11,referral,15.86
2025-01-12,paid_search,197.72
2025-01-12,social_media,181.99
2025-01-12,email,23.28
2025-01-12,referral,11.58
2025-01-13,paid_search,222.97
2025-01-13,social_media,83.51
2025-01-13,email,26.53
2025-01-13,referral,20.3
2025-01-14,paid_search,200.92
2025-01-14,social_media,272.79
2025-01-14,email,28.77
2025-01-14,referral,20.47
2025-01-15,paid_search,241.22
2025-01-15,social_media,204.82
2025-01-15,email,25.9
2025-01-15,referral,9.12
2025-01-16,paid_search,111.91
2025-01-16,social_media,169.14
2025-01-16,email,21.23
2025-01-16,referral,12.86
2025-01-17,paid_search,150.47
2025-01-17,social_media,229.89
2025-01-17,email,18.56
2025-01-17,referral,10.89
2025-01-18,paid_search,222.11
2025-01-18,social_media,228.75
2025-01-18,email,30.3
2025-01-18,referral,12.56
2025-01-19,paid_search,208.32
2025-01-19,social_media,253.81
2025-01-19,email,31.91
2025-01-19,referral,18.29
2025-01-20,paid_search,241.19
2025-01-20,social_media,184.51
2025-01-20,email,37.55
2025-01-20,referral,19.23
2025-01-21,paid_search,226.72
2025-01-21,social_media,212.55
2025-01-21,email,23.44
2025-01-21,referral,8.98
2025-01-22,paid_search,163.77
2025-01-22,social_media,159.27
2025-01-22,email,21.72
2025-01-22,referral,12.29
2025-01-23,paid_search,182.73
2025-01-23,social_media,238.77
2025-01-23,email,36.45
2025-01-23,referral,19.92
2025-01-24,paid_search,101.34
2025-01-24,social_media,228.51
2025-01-24,email,29.6
2025-01-24,referral,14.86
2025-01-25,paid_search,192.67
2025-01-25,social_media,166.28
2025-01-25,email,31.19
2025-01-25,referral,16.45
2025-01-26,paid_search,287.08
2025-01-26,social_media,216.66
2025-01-26,email,34.0
2025-01-26,referral,17.38
2025-01-27,paid_search,157.45
2025-01-27,social_media,108.0
2025-01-27,email,29.04
2025-01-27,referral,17.25
2025-01-28,paid_search,186.06
2025-01-28,social_media,191.13
2025-01-28,email,22.16
2025-01-28,referral,13.15
2025-01-29,paid_search,141.17
2025-01-29,social_media,182.01
2025-01-29,email,21.77
2025-01-29,referral,16.42
2025-01-30,paid_search,123.57
2025-01-30,social_media,207.08
2025-01-30,email,21.78
2025-01-30,referral,11.0
2025-01-31,paid_search,195.8
2025-01-31,social_media,108.08
2025-01-31,email,23.18
2025-01-31,referral,15.46
2025-02-01,paid_search,224.0
2025-02-01,social_media,200.7
2025-02-01,email,21.45
2025-02-01,referral,17.92
2025-02-02,paid_search,234.64
2025-02-02,social_media,216.72
2025-02-02,email,35.37
2025-02-02,referral,9.18
2025-02-03,paid_search,198.96
2025-02-03,social_media,145.67
2025-02-03,email,38.36
2025-02-03,referral,17.24
2025-02-04,paid_search,235.79
2025-02-04,social_media,233.82
2025-02-04,email,25.08
2025-02-04,referral,16.75
2025-02-05,paid_search,194.92
2025-02-05,social_media,118.6
2025-02-05,email,30.61
2025-02-05,referral,11.4
2025-02-06,paid_search,261.17
2025-02-06,social_media,228.76
2025-02-06,email,10.97
2025-02-06,referral,18.92
2025-02-07,paid_search,234.0
2025-02-07,social_media,136.36
2025-02-07,email,14.13
2025-02-07,referral,14.73
2025-02-08,paid_search,210.18
2025-02-08,social_media,229.14
2025-02-08,email,25.4
2025-02-08,referral,10.92
2025-02-09,paid_search,134.54
2025-02-09,social_media,186.59
2025-02-09,email,25.03
2025-02-09,referral,19.95
2025-02-10,paid_search,192.95
2025-02-10,social_media,198.84
2025-02-10,email,24.17
2025-02-10,referral,4.87
2025-02-11,paid_search,259.38
2025-02-11,social_media,160.83
2025-02-11,email,29.12
2025-02-11,referral,15.63
2025-02-12,paid_search,165.62
2025-02-12,social_media,172.16
2025-02-12,email,24.8
2025-02-12,referral,15.69
2025-02-13,paid_search,248.18
2025-02-13,social_media,181.37
2025-02-13,email,35.91
2025-02-13,referral,18.15
2025-02-14,paid_search,274.78
2025-02-14,social_media,217.12
2025-02-14,email,25.48
2025-02-14,referral,17.74
2025-02-15,paid_search,288.68
2025-02-15,social_media,185.67
2025-02-15,email,31.57
2025-02-15,referral,10.12
2025-02-16,paid_search,280.45
2025-02-16,social_media,145.31
2025-02-16,email,16.85
2025-02-16,referral,13.95
2025-02-17,paid_search,231.41
2025-02-17,social_media,195.06
2025-02-17,email,33.07
2025-02-17,referral,12.91
2025-02-18,paid_search,310.42
2025-02-18,social_media,254.08
2025-02-18,email,26.41
2025-02-18,referral,11.9
2025-02-19,paid_search,356.99
2025-02-19,social_media,257.62
2025-02-19,email,26.19
2025-02-19,referral,9.89
2025-02-20,paid_search,254.13
2025-02-20,social_media,153.45
2025-02-20,email,30.46
2025-02-20,referral,15.86
2025-02-21,paid_search,132.22
2025-02-21,social_media,126.9
2025-02-21,email,20.24
2025-02-21,referral,21.15
2025-02-22,paid_search,184.25
2025-02-22,social_media,77.68
2025-02-22,email,23.74
2025-02-22,referral,14.02
2025-02-23,paid_search,307.44
2025-02-23,social_media,248.16
2025-02-23,email,16.82
2025-02-23,referral,16.48
2025-02-24,paid_search,263.55
2025-02-24,social_media,174.55
2025-02-24,email,26.1
2025-02-24,referral,19.15
2025-02-25,paid_search,236.1
2025-02-25,social_media,210.17
2025-02-25,email,33.79
2025-02-25,referral,13.33
2025-02-26,paid_search,263.79
2025-02-26,social_media,160.0
2025-02-26,email,31.71
2025-02-26,referral,12.67
2025-02-27,paid_search,243.9
2025-02-27,social_media,169.74
2025-02-27,email,28.67
2025-02-27,referral,11.83
2025-02-28,paid_search,204.73
2025-02-28,social_media,177.63
2025-02-28,email,18.28
2025-02-28,referral,12.72
2025-03-01,paid_search,129.82
2025-03-01,social_media,196.97
2025-03-01,email,29.96
2025-03-01,referral,9.78
2025-03-02,paid_search,155.59
2025-03-02,social_media,136.85
2025-03-02,email,17.04
2025-03-02,referral,16.5
2025-03-03,paid_search,181.95
2025-03-03,social_media,191.26
2025-03-03,email,20.33
2025-03-03,referral,13.72
2025-03-04,paid_search,277.12
2025-03-04,social_media,128.0
2025-03-04,email,21.49
2025-03-04,referral,16.57
2025-03-05,paid_search,202.48
2025-03-05,social_media,188.49
2025-03-05,email,25.01
2025-03-05,referral,9.35
2025-03-06,paid_search,296.95
2025-03-06,social_media,175.53
2025-03-06,email,34.97
2025-03-06,referral,16.27
2025-03-07,paid_search,292.42
2025-03-07,social_media,226.0
2025-03-07,email,32.68
2025-03-07,referral,14.16
2025-03-08,paid_search,318.29
2025-03-08,social_media,158.76
2025-03-08,email,27.27
2025-03-08,referral,18.24
2025-03-09,paid_search,394.47
2025-03-09,social_media,229.23
2025-03-09,email,21.71
2025-03-09,referral,16.01
2025-03-10,paid_search,145.95
2025-03-10,social_media,246.15
2025-03-10,email,5.46
2025-03-10,referral,14.35
2025-03-11,paid_search,340.76
2025-03-11,social_media,214.19
2025-03-11,email,28.06
2025-03-11,referral,10.53
2025-03-12,paid_search,293.2
2025-03-12,social_media,138.85
2025-03-12,email,19.34
2025-03-12,referral,19.98
2025-03-13,paid_search,167.88
2025-03-13,social_media,114.14
2025-03-13,email,18.97
2025-03-13,referral,15.71
2025-03-14,paid_search,192.36
2025-03-14,social_media,261.75
2025-03-14,email,25.21
2025-03-14,referral,10.35
2025-03-15,paid_search,117.26
2025-03-15,social_media,220.52
2025-03-15,email,26.88
2025-03-15,referral,17.28
2025-03-16,paid_search,196.52
2025-03-16,social_media,186.94
2025-03-16,email,32.44
2025-03-16,referral,15.02
2025-03-17,paid_search,156.9
2025-03-17,social_media,212.52
2025-03-17,email,22.82
2025-03-17,referral,18.62
2025-03-18,paid_search,221.4
2025-03-18,social_media,218.78
2025-03-18,email,28.17
2025-03-18,referral,19.87
2025-03-19,paid_search,272.91
2025-03-19,social_media,121.28
2025-03-19,email,13.29
2025-03-19,referral,14.71
2025-03-20,paid_search,253.1
2025-03-20,social_media,147.36
2025-03-20,email,27.79
2025-03-20,referral,16.51
2025-03-21,paid_search,215.99
2025-03-21,social_media,151.44
2025-03-21,email,18.63
2025-03-21,referral,24.3
2025-03-22,paid_search,103.36
2025-03-22,social_media,124.25
2025-03-22,email,41.25
2025-03-22,referral,11.13
2025-03-23,paid_search,189.05
2025-03-23,social_media,210.6
2025-03-23,email,28.01
2025-03-23,referral,16.66
2025-03-24,paid_search,302.25
2025-03-24,social_media,136.89
2025-03-24,email,26.09
2025-03-24,referral,14.8
2025-03-25,paid_search,171.65
2025-03-25,social_media,184.67
2025-03-25,email,28.5
2025-03-25,referral,17.19
2025-03-26,paid_search,278.82
2025-03-26,social_media,178.2
2025-03-26,email,18.7
2025-03-26,referral,9.81
2025-03-27,paid_search,194.62
2025-03-27,social_media,119.13
2025-03-27,email,20.56
2025-03-27,referral,10.57
2025-03-28,paid_search,183.99
2025-03-28,social_media,260.26
2025-03-28,email,24.23
2025-03-28,referral,20.9
2025-03-29,paid_search,242.97
2025-03-29,social_media,151.99
2025-03-29,email,24.23
2025-03-29,referral,8.81
2025-03-30,paid_search,201.79
2025-03-30,social_media,121.01
2025-03-30,email,28.74
2025-03-30,referral,13.37
2025-03-31,paid_search,203.3
2025-03-31,social_media,161.19
2025-03-31,email,30.61
2025-03-31,referral,11.66
2025-04-01,paid_search,167.43
2025-04-01,social_media,195.42
2025-04-01,email,31.79
2025-04-01,referral,16.24
2025-04-02,paid_search,340.28
2025-04-02,social_media,137.96
2025-04-02,email,11.46
2025-04-02,referral,16.83
2025-04-03,paid_search,211.57
2025-04-03,social_media,201.22
2025-04-03,email,30.35
2025-04-03,referral,9.28
2025-04-04,paid_search,204.23
2025-04-04,social_media,206.37
2025-04-04,email,26.6
2025-04-04,referral,14.34
2025-04-05,paid_search,260.6
2025-04-05,social_media,224.85
2025-04-05,email,12.18
2025-04-05,referral,20.91
2025-04-06,paid_search,152.75
2025-04-06,social_media,206.79
2025-04-06,email,22.93
2025-04-06,referral,19.71
2025-04-07,paid_search,259.66
2025-04-07,social_media,206.52
2025-04-07,email,26.39
2025-04-07,referral,12.99
2025-04-08,paid_search,165.55
2025-04-08,social_media,117.76
2025-04-08,email,21.09
2025-04-08,referral,18.42
2025-04-09,paid_search,164.89
2025-04-09,social_media,234.41
2025-04-09,email,18.59
2025-04-09,referral,14.38
2025-04-10,paid_search,244.81
2025-04-10,social_media,226.19
2025-04-10,email,22.71
2025-04-10,referral,16.8
2025-04-11,paid_search,231.69
2025-04-11,social_media,168.76
2025-04-11,email,18.51
2025-04-11,referral,16.65
2025-04-12,paid_search,221.53
2025-04-12,social_media,165.62
2025-04-12,email,25.72
2025-04-12,referral,17.14
2025-04-13,paid_search,127.61
2025-04-13,social_media,155.42
2025-04-13,email,18.91
2025-04-13,referral,11.63
2025-04-14,paid_search,176.61
2025-04-14,social_media,229.43
2025-04-14,email,27.08
2025-04-14,referral,10.88
2025-04-15,paid_search,230.22
2025-04-15,social_media,199.27
2025-04-15,email,22.76
2025-04-15,referral,10.17
2025-04-16,paid_search,160.13
2025-04-16,social_media,108.62
2025-04-16,email,38.37
2025-04-16,referral,8.52
2025-04-17,paid_search,151.02
2025-04-17,social_media,178.94
2025-04-17,email,13.58
2025-04-17,referral,10.65
2025-04-18,paid_search,226.32
2025-04-18,social_media,189.14
2025-04-18,email,27.56
2025-04-18,referral,17.68
2025-04-19,paid_search,217.78
2025-04-19,social_media,149.0
2025-04-19,email,27.86
2025-04-19,referral,20.21
2025-04-20,paid_search,253.97
2025-04-20,social_media,141.13
2025-04-20,email,28.84
2025-04-20,referral,17.1
2025-04-21,paid_search,151.96
2025-04-21,social_media,169.51
2025-04-21,email,28.54
2025-04-21,referral,19.35
2025-04-22,paid_search,184.44
2025-04-22,social_media,114.42
2025-04-22,email,28.18
2025-04-22,referral,14.07
2025-04-23,paid_search,233.18
2025-04-23,social_media,188.56
2025-04-23,email,25.93
2025-04-23,referral,13.45
2025-04-24,paid_search,269.86
2025-04-24,social_media,141.8
2025-04-24,email,26.66
2025-04-24,referral,16.46
2025-04-25,paid_search,209.25
2025-04-25,social_media,215.7
2025-04-25,email,22.09
2025-04-25,referral,23.61
2025-04-26,paid_search,233.01
2025-04-26,social_media,235.72
2025-04-26,email,30.55
2025-04-26,referral,20.34
2025-04-27,paid_search,224.84
2025-04-27,social_media,230.72
2025-04-27,email,34.1
2025-04-27,referral,16.08
2025-04-28,paid_search,181.58
2025-04-28,social_media,262.34
2025-04-28,email,25.12
2025-04-28,referral,15.29
2025-04-29,paid_search,234.87
2025-04-29,social_media,144.75
2025-04-29,email,27.13
2025-04-29,referral,16.31
2025-04-30,paid_search,219.45
2025-04-30,social_media,177.0
2025-04-30,email,23.61
2025-04-30,referral,13.57
2025-05-01,paid_search,259.96
2025-05-01,social_media,193.07
2025-05-01,email,30.82
2025-05-01,referral,13.04
2025-05-02,paid_search,282.03
2025-05-02,social_media,220.11
2025-05-02,email,23.48
2025-05-02,referral,12.5
2025-05-03,paid_search,252.71
2025-05-03,social_media,108.63
2025-05-03,email,22.41
2025-05-03,referral,16.03
2025-05-04,paid_search,211.76
2025-05-04,social_media,131.8
2025-05-04,email,25.56
2025-05-04,referral,11.25
2025-05-05,paid_search,234.34
2025-05-05,social_media,162.39
2025-05-05,email,24.13
2025-05-05,referral,11.92
2025-05-06,paid_search,262.56
2025-05-06,social_media,173.43
2025-05-06,email,20.39
2025-05-06,referral,14.55
2025-05-07,paid_search,315.42
2025-05-07,social_media,195.07
2025-05-07,email,31.72
2025-05-07,referral,8.96
2025-05-08,paid_search,209.14
2025-05-08,social_media,135.0
2025-05-08,email,21.75
2025-05-08,referral,12.13
2025-05-09,paid_search,290.92
2025-05-09,social_media,212.26
2025-05-09,email,20.28
2025-05-09,referral,13.26
2025-05-10,paid_search,239.96
2025-05-10,social_media,220.08
2025-05-10,email,31.51
2025-05-10,referral,17.38
2025-05-11,paid_search,319.78
2025-05-11,social_media,199.2
2025-05-11,email,22.22
2025-05-11,referral,11.94
2025-05-12,paid_search,160.63
2025-05-12,social_media,125.56
2025-05-12,email,29.22
2025-05-12,referral,20.97
2025-05-13,paid_search,225.76
2025-05-13,social_media,262.26
2025-05-13,email,25.17
2025-05-13,referral,17.28
2025-05-14,paid_search,132.97
2025-05-14,social_media,216.55
2025-05-14,email,21.02
2025-05-14,referral,18.11
2025-05-15,paid_search,290.57
2025-05-15,social_media,193.72
2025-05-15,email,27.71
2025-05-15,referral,15.44
2025-05-16,paid_search,255.18
2025-05-16,social_media,264.29
2025-05-16,email,25.07
2025-05-16,referral,15.62
2025-05-17,paid_search,122.18
2025-05-17,social_media,198.99
2025-05-17,email,20.12
2025-05-17,referral,14.26
2025-05-18,paid_search,246.26
2025-05-18,social_media,107.28
2025-05-18,email,27.91
2025-05-18,referral,15.94
2025-05-19,paid_search,258.68
2025-05-19,social_media,151.27
2025-05-19,email,31.95
2025-05-19,referral,16.14
2025-05-20,paid_search,180.93
2025-05-20,social_media,118.38
2025-05-20,email,21.62
2025-05-20,referral,18.27
2025-05-21,paid_search,244.5
2025-05-21,social_media,83.44
2025-05-21,email,22.92
2025-05-21,referral,15.47
2025-05-22,paid_search,325.02
2025-05-22,social_media,237.95
2025-05-22,email,23.88
2025-05-22,referral,15.68
2025-05-23,paid_search,145.05
2025-05-23,social_media,61.8
2025-05-23,email,22.52
2025-05-23,referral,18.76
2025-05-24,paid_search,229.96
2025-05-24,social_media,146.29
2025-05-24,email,30.7
2025-05-24,referral,21.73
2025-05-25,paid_search,138.1
2025-05-25,social_media,177.63
2025-05-25,email,21.67
2025-05-25,referral,15.17
2025-05-26,paid_search,194.91
2025-05-26,social_media,305.63
2025-05-26,email,24.25
2025-05-26,referral,16.13
2025-05-27,paid_search,229.22
2025-05-27,social_media,123.61
2025-05-27,email,26.27
2025-05-27,referral,9.48
2025-05-28,paid_search,319.18
2025-05-28,social_media,220.65
2025-05-28,email,21.39
2025-05-28,referral,14.37
2025-05-29,paid_search,276.44
2025-05-29,social_media,192.28
2025-05-29,email,14.68
2025-05-29,referral,15.63
2025-05-30,paid_search,279.7
2025-05-30,social_media,74.98
2025-05-30,email,25.86
2025-05-30,referral,11.87
2025-05-31,paid_search,289.71
2025-05-31,social_media,159.62
2025-05-31,email,21.53
2025-05-31,referral,18.1
2025-06-01,paid_search,170.64
2025-06-01,social_media,183.77
2025-06-01,email,26.76
2025-06-01,referral,14.27
2025-06-02,paid_search,148.29
2025-06-02,social_media,140.78
2025-06-02,email,24.18
2025-06-02,referral,7.9
2025-06-03,paid_search,224.7
2025-06-03,social_media,168.15
2025-06-03,email,28.58
2025-06-03,referral,17.44
2025-06-04,paid_search,158.26
2025-06-04,social_media,156.63
2025-06-04,email,19.2
2025-06-04,referral,13.03
2025-06-05,paid_search,206.14
2025-06-05,social_media,230.39
2025-06-05,email,21.28
2025-06-05,referral,18.32
2025-06-06,paid_search,234.31
2025-06-06,social_media,242.37
2025-06-06,email,22.79
2025-06-06,referral,11.95
2025-06-07,paid_search,227.92
2025-06-07,social_media,107.68
2025-06-07,email,25.99
2025-06-07,referral,17.12
2025-06-08,paid_search,280.41
2025-06-08,social_media,198.27
2025-06-08,email,24.11
2025-06-08,referral,22.28
2025-06-09,paid_search,219.49
2025-06-09,social_media,132.36
2025-06-09,email,24.78
2025-06-09,referral,9.96
2025-06-10,paid_search,152.14
2025-06-10,social_media,190.87
2025-06-10,email,16.71
2025-06-10,referral,12.69
2025-06-11,paid_search,155.73
2025-06-11,social_media,186.31
2025-06-11,email,20.55
2025-06-11,referral,17.0
2025-06-12,paid_search,244.82
2025-06-12,social_media,121.3
2025-06-12,email,30.76
2025-06-12,referral,14.36
2025-06-13,paid_search,152.65
2025-06-13,social_media,196.78
2025-06-13,email,36.0
2025-06-13,referral,14.26
2025-06-14,paid_search,129.35
2025-06-14,social_media,221.53
2025-06-14,email,34.85
2025-06-14,referral,10.95
2025-06-15,paid_search,176.24
2025-06-15,social_media,181.6
2025-06-15,email,12.91
2025-06-15,referral,22.81
2025-06-16,paid_search,217.21
2025-06-16,social_media,181.86
2025-06-16,email,27.23
2025-06-16,referral,14.03
2025-06-17,paid_search,191.66
2025-06-17,social_media,137.63
2025-06-17,email,17.64
2025-06-17,referral,16.52
2025-06-18,paid_search,294.39
2025-06-18,social_media,222.75
2025-06-18,email,23.19
2025-06-18,referral,14.28
2025-06-19,paid_search,309.01
2025-06-19,social_media,144.06
2025-06-19,email,14.57
2025-06-19,referral,15.94
2025-06-20,paid_search,266.89
2025-06-20,social_media,68.04
2025-06-20,email,27.49
2025-06-20,referral,10.77
2025-06-21,paid_search,141.98
2025-06-21,social_media,166.99
2025-06-21,email,17.78
2025-06-21,referral,8.36
2025-06-22,paid_search,225.95
2025-06-22,social_media,178.01
2025-06-22,email,14.26
2025-06-22,referral,9.72
2025-06-23,paid_search,245.57
2025-06-23,social_media,203.78
2025-06-23,email,8.46
2025-06-23,referral,10.26
2025-06-24,paid_search,215.46
2025-06-24,social_media,199.04
2025-06-24,email,27.57
2025-06-24,referral,17.26
2025-06-25,paid_search,180.38
2025-06-25,social_media,188.0
2025-06-25,email,22.54
2025-06-25,referral,12.9
2025-06-26,paid_search,136.86
2025-06-26,social_media,193.38
2025-06-26,email,14.69
2025-06-26,referral,10.61
2025-06-27,paid_search,257.76
2025-06-27,social_media,172.53
2025-06-27,email,31.57
2025-06-27,referral,13.74
2025-06-28,paid_search,189.45
2025-06-28,social_media,231.61
2025-06-28,email,22.5
2025-06-28,referral,16.05
2025-06-29,paid_search,211.07
2025-06-29,social_media,185.41
2025-06-29,email,23.62
2025-06-29,referral,18.29
2025-06-30,paid_search,223.75
2025-06-30,social_media,165.05
2025-06-30,email,26.59
2025-06-30,referral,9.2
2025-07-01,paid_search,275.7
2025-07-01,social_media,112.21
2025-07-01,email,20.85
2025-07-01,referral,13.3
2025-07-02,paid_search,233.71
2025-07-02,social_media,252.91
2025-07-02,email,31.45
2025-07-02,referral,9.48
2025-07-03,paid_search,171.28
2025-07-03,social_media,117.02
2025-07-03,email,16.88
2025-07-03,referral,12.79
2025-07-04,paid_search,292.04
2025-07-04,social_media,168.94
2025-07-04,email,24.28
2025-07-04,referral,15.86
2025-07-05,paid_search,168.33
2025-07-05,social_media,176.81
2025-07-05,email,26.54
2025-07-05,referral,24.22
2025-07-06,paid_search,270.82
2025-07-06,social_media,254.07
2025-07-06,email,25.18
2025-07-06,referral,16.98
2025-07-07,paid_search,234.39
2025-07-07,social_media,99.51
2025-07-07,email,9.61
2025-07-07,referral,10.78
2025-07-08,paid_search,288.39
2025-07-08,social_media,162.22
2025-07-08,email,29.87
2025-07-08,referral,19.89
2025-07-09,paid_search,149.42
2025-07-09,social_media,246.42
2025-07-09,email,17.73
2025-07-09,referral,14.23
2025-07-10,paid_search,160.61
2025-07-10,social_media,190.67
2025-07-10,email,23.99
2025-07-10,referral,17.99
2025-07-11,paid_search,274.98
2025-07-11,social_media,251.11
2025-07-11,email,29.7
2025-07-11,referral,18.06
2025-07-12,paid_search,195.35
2025-07-12,social_media,171.99
2025-07-12,email,26.96
2025-07-12,referral,10.35
2025-07-13,paid_search,281.78
2025-07-13,social_media,173.98
2025-07-13,email,26.21
2025-07-13,referral,9.31
2025-07-14,paid_search,200.0
2025-07-14,social_media,218.82
2025-07-14,email,27.62
2025-07-14,referral,18.11
2025-07-15,paid_search,201.45
2025-07-15,social_media,185.8
2025-07-15,email,24.35
2025-07-15,referral,17.49
2025-07-16,paid_search,234.35
2025-07-16,social_media,162.77
2025-07-16,email,9.0
2025-07-16,referral,15.64
2025-07-17,paid_search,127.71
2025-07-17,social_media,211.01
2025-07-17,email,30.2
2025-07-17,referral,6.43
2025-07-18,paid_search,236.47
2025-07-18,social_media,192.37
2025-07-18,email,27.35
2025-07-18,referral,10.38
2025-07-19,paid_search,246.23
2025-07-19,social_media,123.34
2025-07-19,email,29.31
2025-07-19,referral,16.63
2025-07-20,paid_search,201.85
2025-07-20,social_media,199.12
2025-07-20,email,19.08
2025-07-20,referral,12.91
2025-07-21,paid_search,284.02
2025-07-21,social_media,230.61
2025-07-21,email,18.14
2025-07-21,referral,12.68
2025-07-22,paid_search,189.45
2025-07-22,social_media,182.79
2025-07-22,email,24.16
2025-07-22,referral,19.84
2025-07-23,paid_search,304.37
2025-07-23,social_media,261.15
2025-07-23,email,38.5
2025-07-23,referral,9.08
2025-07-24,paid_search,209.61
2025-07-24,social_media,148.78
2025-07-24,email,19.39
2025-07-24,referral,20.28
2025-07-25,paid_search,243.14
2025-07-25,social_media,108.49
2025-07-25,email,41.21
2025-07-25,referral,8.19
2025-07-26,paid_search,200.54
2025-07-26,social_media,183.95
2025-07-26,email,17.93
2025-07-26,referral,17.06
2025-07-27,paid_search,186.03
2025-07-27,social_media,217.04
2025-07-27,email,27.49
2025-07-27,referral,5.61
2025-07-28,paid_search,134.73
2025-07-28,social_media,218.19
2025-07-28,email,27.53
2025-07-28,referral,11.15
2025-07-29,paid_search,183.19
2025-07-29,social_media,176.05
2025-07-29,email,12.34
2025-07-29,referral,23.52
2025-07-30,paid_search,166.08
2025-07-30,social_media,181.39
2025-07-30,email,35.44
2025-07-30,referral,14.31
2025-07-31,paid_search,237.71
2025-07-31,social_media,136.94
2025-07-31,email,21.57
2025-07-31,referral,11.53
2025-08-01,paid_search,290.38
2025-08-01,social_media,149.97
2025-08-01,email,20.36
2025-08-01,referral,11.77
2025-08-02,paid_search,241.04
2025-08-02,social_media,206.17
2025-08-02,email,12.51
2025-08-02,referral,15.25
2025-08-03,paid_search,236.58
2025-08-03,social_media,243.23
2025-08-03,email,17.35
2025-08-03,referral,10.8
2025-08-04,paid_search,255.28
2025-08-04,social_media,177.25
2025-08-04,email,33.62
2025-08-04,referral,19.13
2025-08-05,paid_search,235.36
2025-08-05,social_media,177.02
2025-08-05,email,24.02
2025-08-05,referral,14.89
2025-08-06,paid_search,223.34
2025-08-06,social_media,243.96
2025-08-06,email,12.27
2025-08-06,referral,13.43
2025-08-07,paid_search,231.26
2025-08-07,social_media,152.87
2025-08-07,email,23.21
2025-08-07,referral,13.35
2025-08-08,paid_search,291.68
2025-08-08,social_media,160.96
2025-08-08,email,20.49
2025-08-08,referral,17.93
2025-08-09,paid_search,190.58
2025-08-09,social_media,172.43
2025-08-09,email,18.08
2025-08-09,referral,13.48
2025-08-10,paid_search,218.08
2025-08-10,social_media,123.08
2025-08-10,email,24.37
2025-08-10,referral,16.92
2025-08-11,paid_search,110.46
2025-08-11,social_media,150.65
2025-08-11,email,40.96
2025-08-11,referral,14.23
2025-08-12,paid_search,282.63
2025-08-12,social_media,178.76
2025-08-12,email,22.94
2025-08-12,referral,18.5
2025-08-13,paid_search,285.84
2025-08-13,social_media,139.85
2025-08-13,email,18.14
2025-08-13,referral,9.87
2025-08-14,paid_search,171.7
2025-08-14,social_media,231.13
2025-08-14,email,25.19
2025-08-14,referral,19.44
2025-08-15,paid_search,163.16
2025-08-15,social_media,134.87
2025-08-15,email,22.55
2025-08-15,referral,16.11
2025-08-16,paid_search,212.31
2025-08-16,social_media,211.41
2025-08-16,email,27.59
2025-08-16,referral,16.83
2025-08-17,paid_search,257.67
2025-08-17,social_media,229.33
2025-08-17,email,9.62
2025-08-17,referral,14.95
2025-08-18,paid_search,266.35
2025-08-18,social_media,293.57
2025-08-18,email,24.37
2025-08-18,referral,6.76
2025-08-19,paid_search,298.39
2025-08-19,social_media,125.21
2025-08-19,email,27.88
2025-08-19,referral,17.02
2025-08-20,paid_search,226.94
2025-08-20,social_media,83.99
2025-08-20,email,22.73
2025-08-20,referral,9.11
2025-08-21,paid_search,244.96
2025-08-21,social_media,140.17
2025-08-21,email,11.72
2025-08-21,referral,17.67
2025-08-22,paid_search,150.3
2025-08-22,social_media,186.06
2025-08-22,email,20.39
2025-08-22,referral,18.25
2025-08-23,paid_search,265.44
2025-08-23,social_media,190.71
2025-08-23,email,24.33
2025-08-23,referral,13.35
2025-08-24,paid_search,153.73
2025-08-24,social_media,153.53
2025-08-24,email,27.99
2025-08-24,referral,22.33
2025-08-25,paid_search,251.4
2025-08-25,social_media,212.18
2025-08-25,email,24.33
2025-08-25,referral,16.97
2025-08-26,paid_search,101.87
2025-08-26,social_media,147.52
2025-08-26,email,29.4
2025-08-26,referral,17.71
2025-08-27,paid_search,190.12
2025-08-27,social_media,121.12
2025-08-27,email,24.56
2025-08-27,referral,13.37
2025-08-28,paid_search,271.73
2025-08-28,social_media,211.65
2025-08-28,email,34.68
2025-08-28,referral,19.16
2025-08-29,paid_search,204.92
2025-08-29,social_media,195.69
2025-08-29,email,37.72
2025-08-29,referral,13.5
2025-08-30,paid_search,229.62
2025-08-30,social_media,179.8
2025-08-30,email,25.1
2025-08-30,referral,11.72
2025-08-31,paid_search,291.96
2025-08-31,social_media,138.73
2025-08-31,email,36.61
2025-08-31,referral,21.15
2025-09-01,paid_search,233.8
2025-09-01,social_media,180.25
2025-09-01,email,20.14
2025-09-01,referral,15.27
2025-09-02,paid_search,279.41
2025-09-02,social_media,149.21
2025-09-02,email,34.17
2025-09-02,referral,18.84
2025-09-03,paid_search,214.16
2025-09-03,social_media,215.82
2025-09-03,email,19.3
2025-09-03,referral,14.61
2025-09-04,paid_search,341.93
2025-09-04,social_media,233.73
2025-09-04,email,28.11
2025-09-04,referral,15.26
2025-09-05,paid_search,215.92
2025-09-05,social_media,178.71
2025-09-05,email,20.16
2025-09-05,referral,17.45
2025-09-06,paid_search,277.44
2025-09-06,social_media,168.65
2025-09-06,email,27.92
2025-09-06,referral,12.27
2025-09-07,paid_search,216.33
2025-09-07,social_media,141.92
2025-09-07,email,23.58
2025-09-07,referral,15.45
2025-09-08,paid_search,253.24
2025-09-08,social_media,152.43
2025-09-08,email,27.98
2025-09-08,referral,11.41
2025-09-09,paid_search,237.44
2025-09-09,social_media,279.5
2025-09-09,email,22.68
2025-09-09,referral,10.0
2025-09-10,paid_search,269.32
2025-09-10,social_media,192.87
2025-09-10,email,27.86
2025-09-10,referral,19.77
2025-09-11,paid_search,180.91
2025-09-11,social_media,149.35
2025-09-11,email,28.4
2025-09-11,referral,18.9
2025-09-12,paid_search,233.05
2025-09-12,social_media,176.79
2025-09-12,email,27.02
2025-09-12,referral,17.75
2025-09-13,paid_search,140.36
2025-09-13,social_media,135.44
2025-09-13,email,24.45
2025-09-13,referral,17.59
2025-09-14,paid_search,339.43
2025-09-14,social_media,174.9
2025-09-14,email,26.53
2025-09-14,referral,12.51
2025-09-15,paid_search,256.14
2025-09-15,social_media,130.59
2025-09-15,email,24.93
2025-09-15,referral,11.44
2025-09-16,paid_search,103.82
2025-09-16,social_media,301.22
2025-09-16,email,30.01
2025-09-16,referral,18.03
2025-09-17,paid_search,269.99
2025-09-17,social_media,244.13
2025-09-17,email,26.01
2025-09-17,referral,18.26
2025-09-18,paid_search,192.47
2025-09-18,social_media,172.25
2025-09-18,email,15.41
2025-09-18,referral,15.76
2025-09-19,paid_search,190.85
2025-09-19,social_media,174.01
2025-09-19,email,30.18
2025-09-19,referral,16.13
2025-09-20,paid_search,276.65
2025-09-20,social_media,153.41
2025-09-20,email,27.39
2025-09-20,referral,12.6
2025-09-21,paid_search,210.32
2025-09-21,social_media,166.21
2025-09-21,email,18.66
2025-09-21,referral,13.45
2025-09-22,paid_search,251.76
2025-09-22,social_media,138.78
2025-09-22,email,20.85
2025-09-22,referral,19.66
2025-09-23,paid_search,297.98
2025-09-23,social_media,217.44
2025-09-23,email,35.68
2025-09-23,referral,20.12
2025-09-24,paid_search,215.13
2025-09-24,social_media,269.51
2025-09-24,email,34.75
2025-09-24,referral,14.73
2025-09-25,paid_search,233.82
2025-09-25,social_media,150.22
2025-09-25,email,24.4
2025-09-25,referral,9.17
2025-09-26,paid_search,187.74
2025-09-26,social_media,215.72
2025-09-26,email,18.6
2025-09-26,referral,13.83
2025-09-27,paid_search,250.72
2025-09-27,social_media,166.97
2025-09-27,email,32.2
2025-09-27,referral,19.49
2025-09-28,paid_search,186.01
2025-09-28,social_media,160.34
2025-09-28,email,25.28
2025-09-28,referral,12.51
2025-09-29,paid_search,309.85
2025-09-29,social_media,161.44
2025-09-29,email,30.69
2025-09-29,referral,9.39
2025-09-30,paid_search,177.49
2025-09-30,social_media,131.16
2025-09-30,email,17.22
2025-09-30,referral,13.06
2025-10-01,paid_search,240.21
2025-10-01,social_media,249.0
2025-10-01,email,23.74
2025-10-01,referral,15.31
2025-10-02,paid_search,238.66
2025-10-02,social_media,147.22
2025-10-02,email,24.85
2025-10-02,referral,22.83
2025-10-03,paid_search,241.35
2025-10-03,social_media,273.93
2025-10-03,email,25.15
2025-10-03,referral,12.67
2025-10-04,paid_search,277.39
2025-10-04,social_media,236.87
2025-10-04,email,21.9
2025-10-04,referral,16.37
2025-10-05,paid_search,216.5
2025-10-05,social_media,117.87
2025-10-05,email,16.73
2025-10-05,referral,14.23
2025-10-06,paid_search,283.25
2025-10-06,social_media,218.26
2025-10-06,email,19.27
2025-10-06,referral,10.79
2025-10-07,paid_search,171.95
2025-10-07,social_media,136.91
2025-10-07,email,19.49
2025-10-07,referral,7.4
2025-10-08,paid_search,85.65
2025-10-08,social_media,64.81
2025-10-08,email,15.31
2025-10-08,referral,19.37
2025-10-09,paid_search,418.31
2025-10-09,social_media,270.9
2025-10-09,email,26.56
2025-10-09,referral,12.09
2025-10-10,paid_search,196.28
2025-10-10,social_media,186.32
2025-10-10,email,37.92
2025-10-10,referral,11.28
2025-10-11,paid_search,220.16
2025-10-11,social_media,184.38
2025-10-11,email,24.45
2025-10-11,referral,7.47
2025-10-12,paid_search,204.83
2025-10-12,social_media,119.14
2025-10-12,email,39.3
2025-10-12,referral,17.14
2025-10-13,paid_search,281.4
2025-10-13,social_media,140.18
2025-10-13,email,22.19
2025-10-13,referral,22.66
2025-10-14,paid_search,276.32
2025-10-14,social_media,198.97
2025-10-14,email,33.4
2025-10-14,referral,22.35
2025-10-15,paid_search,303.46
2025-10-15,social_media,227.23
2025-10-15,email,32.16
2025-10-15,referral,13.76
2025-10-16,paid_search,230.76
2025-10-16,social_media,210.63
2025-10-16,email,26.99
2025-10-16,referral,16.89
2025-10-17,paid_search,212.24
2025-10-17,social_media,57.12
2025-10-17,email,29.23
2025-10-17,referral,15.41
2025-10-18,paid_search,226.98
2025-10-18,social_media,279.05
2025-10-18,email,27.23
2025-10-18,referral,11.98
2025-10-19,paid_search,257.84
2025-10-19,social_media,183.85
2025-10-19,email,31.98
2025-10-19,referral,12.76
2025-10-20,paid_search,175.18
2025-10-20,social_media,155.7
2025-10-20,email,14.19
2025-10-20,referral,13.36
2025-10-21,paid_search,307.43
2025-10-21,social_media,147.29
2025-10-21,email,16.52
2025-10-21,referral,13.02
2025-10-22,paid_search,232.12
2025-10-22,social_media,146.43
2025-10-22,email,25.45
2025-10-22,referral,15.94
2025-10-23,paid_search,220.09
2025-10-23,social_media,175.98
2025-10-23,email,36.02
2025-10-23,referral,15.66
2025-10-24,paid_search,176.5
2025-10-24,social_media,213.96
2025-10-24,email,24.62
2025-10-24,referral,15.27
2025-10-25,paid_search,275.74
2025-10-25,social_media,240.37
2025-10-25,email,17.88
2025-10-25,referral,21.49
2025-10-26,paid_search,216.44
2025-10-26,social_media,177.4
2025-10-26,email,18.69
2025-10-26,referral,17.8
2025-10-27,paid_search,141.81
2025-10-27,social_media,204.23
2025-10-27,email,35.32
2025-10-27,referral,13.82
2025-10-28,paid_search,279.5
2025-10-28,social_media,183.69
2025-10-28,email,16.3
2025-10-28,referral,15.45
2025-10-29,paid_search,209.81
2025-10-29,social_media,220.34
2025-10-29,email,22.73
2025-10-29,referral,16.87
2025-10-30,paid_search,161.94
2025-10-30,social_media,199.33
2025-10-30,email,25.15
2025-10-30,referral,14.52
2025-10-31,paid_search,221.71
2025-10-31,social_media,166.84
2025-10-31,email,25.88
2025-10-31,referral,14.26
2025-11-01,paid_search,166.47
2025-11-01,social_media,121.67
2025-11-01,email,21.91
2025-11-01,referral,13.81
2025-11-02,paid_search,54.74
2025-11-02,social_media,180.87
2025-11-02,email,38.77
2025-11-02,referral,17.59
2025-11-03,paid_search,210.57
2025-11-03,social_media,143.31
2025-11-03,email,14.39
2025-11-03,referral,18.33
2025-11-04,paid_search,243.4
2025-11-04,social_media,124.43
2025-11-04,email,31.02
2025-11-04,referral,18.15
2025-11-05,paid_search,183.08
2025-11-05,social_media,166.86
2025-11-05,email,26.56
2025-11-05,referral,17.07
2025-11-06,paid_search,159.79
2025-11-06,social_media,205.51
2025-11-06,email,25.37
2025-11-06,referral,19.17
2025-11-07,paid_search,261.95
2025-11-07,social_media,182.6
2025-11-07,email,30.73
2025-11-07,referral,9.34
2025-11-08,paid_search,199.42
2025-11-08,social_media,136.22
2025-11-08,email,21.53
2025-11-08,referral,12.87
2025-11-09,paid_search,150.55
2025-11-09,social_media,222.88
2025-11-09,email,29.69
2025-11-09,referral,12.72
2025-11-10,paid_search,92.66
2025-11-10,social_media,157.27
2025-11-10,email,24.7
2025-11-10,referral,20.09
2025-11-11,paid_search,188.98
2025-11-11,social_media,224.03
2025-11-11,email,21.84
2025-11-11,referral,17.13
2025-11-12,paid_search,264.42
2025-11-12,social_media,206.03
2025-11-12,email,19.02
2025-11-12,referral,13.64
2025-11-13,paid_search,252.3
2025-11-13,social_media,108.9
2025-11-13,email,29.94
2025-11-13,referral,10.45
2025-11-14,paid_search,145.65
2025-11-14,social_media,156.03
2025-11-14,email,20.72
2025-11-14,referral,15.68
2025-11-15,paid_search,234.7
2025-11-15,social_media,183.16
2025-11-15,email,18.86
2025-11-15,referral,19.53
2025-11-16,paid_search,223.55
2025-11-16,social_media,221.88
2025-11-16,email,10.67
2025-11-16,referral,17.01
2025-11-17,paid_search,188.49
2025-11-17,social_media,214.16
2025-11-17,email,36.16
2025-11-17,referral,10.62
2025-11-18,paid_search,267.2
2025-11-18,social_media,153.05
2025-11-18,email,13.3
2025-11-18,referral,18.48
2025-11-19,paid_search,320.07
2025-11-19,social_media,275.0
2025-11-19,email,26.88
2025-11-19,referral,9.58
2025-11-20,paid_search,208.6
2025-11-20,social_media,175.08
2025-11-20,email,31.85
2025-11-20,referral,14.91
2025-11-21,paid_search,105.84
2025-11-21,social_media,208.37
2025-11-21,email,25.45
2025-11-21,referral,18.39
2025-11-22,paid_search,233.66
2025-11-22,social_media,211.0
2025-11-22,email,25.09
2025-11-22,referral,16.06
2025-11-23,paid_search,169.32
2025-11-23,social_media,195.94
2025-11-23,email,23.84
2025-11-23,referral,16.84
2025-11-24,paid_search,154.97
2025-11-24,social_media,242.96
2025-11-24,email,26.55
2025-11-24,referral,17.97
2025-11-25,paid_search,220.26
2025-11-25,social_media,207.15
2025-11-25,email,10.97
2025-11-25,referral,14.6
2025-11-26,paid_search,176.39
2025-11-26,social_media,163.8
2025-11-26,email,31.32
2025-11-26,referral,9.0
2025-11-27,paid_search,260.68
2025-11-27,social_media,200.76
2025-11-27,email,33.0
2025-11-27,referral,7.22
2025-11-28,paid_search,252.42
2025-11-28,social_media,191.37
2025-11-28,email,24.67
2025-11-28,referral,20.42
2025-11-29,paid_search,104.06
2025-11-29,social_media,185.63
2025-11-29,email,31.39
2025-11-29,referral,8.9
2025-11-30,paid_search,252.7
2025-11-30,social_media,194.64
2025-11-30,email,11.69
2025-11-30,referral,19.11
2025-12-01,paid_search,170.95
2025-12-01,social_media,251.03
2025-12-01,email,28.59
2025-12-01,referral,16.12
2025-12-02,paid_search,275.7
2025-12-02,social_media,220.24
2025-12-02,email,12.76
2025-12-02,referral,8.61
2025-12-03,paid_search,212.11
2025-12-03,social_media,131.66
2025-12-03,email,35.37
2025-12-03,referral,11.28
2025-12-04,paid_search,225.06
2025-12-04,social_media,206.24
2025-12-04,email,40.28
2025-12-04,referral,19.31
2025-12-05,paid_search,183.64
2025-12-05,social_media,203.61
2025-12-05,email,29.36
2025-12-05,referral,17.33
2025-12-06,paid_search,166.07
2025-12-06,social_media,271.43
2025-12-06,email,17.35
2025-12-06,referral,17.55
2025-12-07,paid_search,171.48
2025-12-07,social_media,197.58
2025-12-07,email,23.78
2025-12-07,referral,10.12
2025-12-08,paid_search,83.88
2025-12-08,social_media,219.85
2025-12-08,email,21.5
2025-12-08,referral,15.52
2025-12-09,paid_search,319.01
2025-12-09,social_media,208.07
2025-12-09,email,6.89
2025-12-09,referral,10.41
2025-12-10,paid_search,118.73
2025-12-10,social_media,142.48
2025-12-10,email,23.31
2025-12-10,referral,24.58
2025-12-11,paid_search,275.36
2025-12-11,social_media,196.04
2025-12-11,email,27.77
2025-12-11,referral,16.78
2025-12-12,paid_search,123.62
2025-12-12,social_media,116.58
2025-12-12,email,27.85
2025-12-12,referral,15.02
2025-12-13,paid_search,236.62
2025-12-13,social_media,252.24
2025-12-13,email,20.67
2025-12-13,referral,13.61
2025-12-14,paid_search,233.57
2025-12-14,social_media,103.41
2025-12-14,email,15.79
2025-12-14,referral,20.11
2025-12-15,paid_search,203.82
2025-12-15,social_media,157.94
2025-12-15,email,26.51
2025-12-15,referral,8.74
2025-12-16,paid_search,203.13
2025-12-16,social_media,154.14
2025-12-16,email,27.3
2025-12-16,referral,7.09
2025-12-17,paid_search,175.94
2025-12-17,social_media,159.28
2025-12-17,email,21.97
2025-12-17,referral,18.94
2025-12-18,paid_search,176.7
2025-12-18,social_media,318.4
2025-12-18,email,29.67
2025-12-18,referral,13.18
2025-12-19,paid_search,253.25
2025-12-19,social_media,212.69
2025-12-19,email,23.06
2025-12-19,referral,19.32
2025-12-20,paid_search,166.33
2025-12-20,social_media,206.38
2025-12-20,email,24.34
2025-12-20,referral,16.09
2025-12-21,paid_search,232.58
2025-12-21,social_media,180.81
2025-12-21,email,37.35
2025-12-21,referral,12.81
2025-12-22,paid_search,176.57
2025-12-22,social_media,176.02
2025-12-22,email,33.15
2025-12-22,referral,15.14
2025-12-23,paid_search,216.07
2025-12-23,social_media,154.99
2025-12-23,email,21.96
2025-12-23,referral,19.01
2025-12-24,paid_search,216.57
2025-12-24,social_media,191.46
2025-12-24,email,20.64
2025-12-24,referral,17.91
2025-12-25,paid_search,287.27
2025-12-25,social_media,138.26
2025-12-25,email,19.36
2025-12-25,referral,11.83
2025-12-26,paid_search,276.96
2025-12-26,social_media,136.76
2025-12-26,email,22.85
2025-12-26,referral,11.31
2025-12-27,paid_search,313.05
2025-12-27,social_media,156.08
2025-12-27,email,35.4
2025-12-27,referral,14.9
2025-12-28,paid_search,192.86
2025-12-28,social_media,215.95
2025-12-28,email,24.75
2025-12-28,referral,20.29
2025-12-29,paid_search,208.09
2025-12-29,social_media,159.67
2025-12-29,email,22.15
2025-12-29,referral,19.66
2025-12-30,paid_search,233.8
2025-12-30,social_media,146.81
2025-12-30,email,16.03
2025-12-30,referral,15.79
2025-12-31,paid_search,168.4
2025-12-31,social_media,100.44
2025-12-31,email,31.8
2025-12-31,referral,10.38
